suite,dir,tier,condition,policy,sketch_route,rollout_idx,skipped,skip_reason,n_steps,success_final,success_sustained,first_success_step,grasp_success_flag,grasped_any,lifted,grasped_instance,correct_instance_grasped,nearest_destination,correct_destination,terminal_dist_xy,sketch_referent_object,sketch_referent_destination,sketch_fidelity_object,sketch_fidelity_destination,deproject,z_pick,z_place,init_state_hash,init_warmstart_hash,final_state_hash,n_infer_calls,infer_ms_mean,pi05_sketch_mode
spatial,scene_0000,control,auto,oracle,tokens,0,False,,200,True,True,166,True,True,True,akita_black_bowl_1,True,plate_1,True,0.0171,akita_black_bowl_1,plate_1,True,True,depth,0.9121,0.9117,d1b42b0dcd62c359,15eae7fdd27b666c,31c4f97fa616c452,,,
spatial,scene_0000,control,human:aaron_test,oracle,tokens,0,False,,200,True,True,166,True,True,True,akita_black_bowl_1,True,plate_1,True,0.0083,akita_black_bowl_1,plate_1,True,True,depth,0.9147,0.9117,d1b42b0dcd62c359,568c686e25b49876,6fc5af3bd1f00f5b,,,
spatial,scene_0000,control,human_consensus,oracle,tokens,0,False,,200,True,True,166,True,True,True,akita_black_bowl_1,True,plate_1,True,0.0082,akita_black_bowl_1,plate_1,True,True,depth,0.9147,0.9117,d1b42b0dcd62c359,d121abc7605c436a,4cb9b03977976943,,,
spatial,scene_0001,control,auto,oracle,tokens,0,False,,200,True,True,171,True,True,True,akita_black_bowl_1,True,plate_1,True,0.0251,akita_black_bowl_1,plate_1,True,True,depth,0.9132,0.9119,52a969ecb73b891c,b13b52664843f4ce,85453509a2499216,,,
spatial,scene_0001,control,human:aaron_test,oracle,tokens,0,False,,200,True,True,165,True,True,True,akita_black_bowl_1,True,plate_1,True,0.0152,akita_black_bowl_1,plate_1,True,True,depth,0.9161,0.9112,52a969ecb73b891c,a62cb6332f6c63bb,c366b37c127287b2,,,
spatial,scene_0001,control,human_consensus,oracle,tokens,0,False,,200,True,True,165,True,True,True,akita_black_bowl_1,True,plate_1,True,0.0153,akita_black_bowl_1,plate_1,True,True,depth,0.9161,0.9112,52a969ecb73b891c,d4d9f37c9a27cc76,4fc85b689536f95d,,,
spatial,scene_0008,referential,auto,oracle,tokens,0,False,,200,True,True,166,True,True,True,akita_black_bowl_2,True,plate_1,True,0.0248,akita_black_bowl_2,plate_1,True,True,depth,0.9137,0.9122,b5bc6f7854e8d826,094a00c696e59efd,c3a6989d5040f24b,,,
spatial,scene_0008,referential,human:aaron_test,oracle,tokens,0,False,,200,False,False,,True,True,True,akita_black_bowl_3,False,plate_1,True,0.0139,akita_black_bowl_3,plate_1,True,True,depth,0.9185,0.9116,b5bc6f7854e8d826,f31c05f950189406,3dad44a9a525931f,,,
spatial,scene_0008,referential,human_consensus,oracle,tokens,0,False,,200,False,False,,True,True,True,akita_black_bowl_3,False,plate_1,True,0.0119,akita_black_bowl_3,plate_1,True,True,depth,0.9185,0.9116,b5bc6f7854e8d826,3db707d8435181f8,979edfeb43ec6ab6,,,
spatial,scene_0009,referential,auto,oracle,tokens,0,False,,200,False,False,,True,True,True,akita_black_bowl_2,True,plate_1,True,0.0267,akita_black_bowl_2,plate_1,True,True,depth,0.9143,0.9112,2ab3a665f4a9fe53,423339efa28bad44,ea08c52369652c94,,,
spatial,scene_0009,referential,human:aaron_test,oracle,tokens,0,False,,200,False,False,,True,True,True,akita_black_bowl_1,False,plate_1,True,0.0079,akita_black_bowl_1,plate_1,True,True,depth,0.913,0.9112,2ab3a665f4a9fe53,7ad4ba5a506e6ebc,a27fb0314b27e043,,,
spatial,scene_0009,referential,human_consensus,oracle,tokens,0,False,,200,False,False,,True,True,True,akita_black_bowl_1,False,plate_1,True,0.0077,akita_black_bowl_1,plate_1,True,True,depth,0.913,0.9112,2ab3a665f4a9fe53,bea9993f8a6acd66,80103244e52e4c7c,,,
spatial,scene_0012,referential,auto,oracle,tokens,0,False,,200,True,True,178,True,True,True,akita_black_bowl_4,True,plate_1,True,0.0218,akita_black_bowl_4,plate_1,True,True,depth,0.9267,0.9113,82492353d93beba8,20d812d4f3e0212f,a420030baf736c8e,,,
spatial,scene_0012,referential,human:aaron_test,oracle,tokens,0,False,,200,False,False,,True,False,False,,False,,False,0.112,akita_black_bowl_4,plate_1,,,depth,0.9198,0.9113,82492353d93beba8,13830b06aee7c347,16cbdad1ccb5827b,,,
spatial,scene_0012,referential,human_consensus,oracle,tokens,0,False,,200,False,False,,True,False,False,,False,,False,0.1186,akita_black_bowl_4,plate_1,,,depth,0.9198,0.9113,82492353d93beba8,815dbff2781568fb,aab0085c56e4d225,,,
spatial,scene_0016,referential,auto,oracle,tokens,0,False,,200,False,False,,True,True,True,akita_black_bowl_2,True,plate_1,True,0.0335,akita_black_bowl_2,plate_1,True,True,depth,0.9216,0.9108,41430078024def33,b3fee5e5301f2829,64134071eadbee7c,,,
spatial,scene_0016,referential,human:aaron_test,oracle,tokens,0,False,,200,False,False,,True,True,True,akita_black_bowl_4,False,plate_1,True,0.0095,akita_black_bowl_4,plate_1,True,True,depth,0.913,0.9113,41430078024def33,7c7e91c0d6571d5b,7a41585b2a6b55a9,,,
spatial,scene_0016,referential,human_consensus,oracle,tokens,0,False,,200,False,False,,True,True,True,akita_black_bowl_4,False,plate_1,True,0.0094,akita_black_bowl_4,plate_1,True,True,depth,0.913,0.9113,41430078024def33,ae4cb7e33913d409,b7bf298c82061378,,,
spatial,scene_0017,directional,auto,oracle,tokens,0,False,,200,False,False,,True,False,False,,False,,False,0.2592,akita_black_bowl_1,plate_1,,,depth,0.9329,0.9104,42632e6e82720c09,27049e8e9abb4980,50579e8c2650ebbd,,,
spatial,scene_0017,directional,human:aaron_test,oracle,tokens,0,False,,200,False,False,,True,False,False,,False,,False,0.2418,akita_black_bowl_1,plate_1,,,depth,0.9216,0.9105,42632e6e82720c09,eefd44f06c170c0b,05f81f786762ac12,,,
spatial,scene_0017,directional,human_consensus,oracle,tokens,0,False,,200,False,False,,True,False,False,,False,,False,0.2492,akita_black_bowl_1,plate_1,,,depth,0.9216,0.9105,42632e6e82720c09,813ee3758da26261,d6fe0d8b89848a86,,,
spatial,scene_0021,directional,auto,oracle,tokens,0,False,,200,False,False,,True,False,False,,False,,False,0.2516,akita_black_bowl_1,plate_1,,,depth,0.9354,0.9133,4b4c774a4be2986c,94ee97c36dbebfcd,2bf37384d911628e,,,
spatial,scene_0021,directional,human:aaron_test,oracle,tokens,0,False,,200,False,False,,True,True,True,akita_black_bowl_1,True,plate_2,False,0.0147,akita_black_bowl_1,plate_2,True,True,depth,0.9139,0.9113,4b4c774a4be2986c,b821c9eca126bcc2,83d5dd406affd229,,,
spatial,scene_0021,directional,human_consensus,oracle,tokens,0,False,,200,False,False,,True,True,True,akita_black_bowl_1,True,plate_2,False,0.0142,akita_black_bowl_1,plate_2,True,True,depth,0.9139,0.9113,4b4c774a4be2986c,ba5a13d2015837f9,0ab8a501dbc3dcd9,,,
spatial,scene_0025,directional,auto,oracle,tokens,0,False,,200,True,True,165,True,True,True,akita_black_bowl_1,True,plate_3,True,0.0211,akita_black_bowl_1,plate_3,True,True,depth,0.9186,0.9106,950129e7380d5320,a63a4539bf453d5a,2a3dd33f5435fe7d,,,
spatial,scene_0025,directional,human:aaron_test,oracle,tokens,0,False,,200,False,False,,True,True,True,akita_black_bowl_1,True,plate_1,False,0.0039,akita_black_bowl_1,plate_1,True,True,depth,0.9238,0.914,950129e7380d5320,25510ea5c069c101,30619b3a285f4995,,,
spatial,scene_0025,directional,human_consensus,oracle,tokens,0,False,,200,False,False,,True,True,True,akita_black_bowl_1,True,plate_1,False,0.0047,akita_black_bowl_1,plate_1,True,True,depth,0.9238,0.914,950129e7380d5320,9ce02771eb15cd9c,916224aaf900e12b,,,
spatial,scene_0029,both,auto,oracle,tokens,0,False,,200,False,False,,True,False,False,,False,,False,0.2444,akita_black_bowl_3,plate_2,,,depth,0.9117,0.9112,0195be60883fac6e,d11ebd484853cf6d,3d6b132b5dcc2029,,,
spatial,scene_0029,both,human:aaron_test,oracle,tokens,0,False,,200,False,False,,True,True,True,akita_black_bowl_1,False,plate_1,False,0.0208,akita_black_bowl_1,plate_1,True,True,depth,0.9113,0.9119,0195be60883fac6e,befc84168c8f6f8d,837512c0a600cb2c,,,
spatial,scene_0029,both,human_consensus,oracle,tokens,0,False,,200,False,False,,True,True,True,akita_black_bowl_1,False,plate_1,False,0.0224,akita_black_bowl_1,plate_1,True,True,depth,0.9113,0.9119,0195be60883fac6e,3d32a7b2c338e390,5bc018a7699cdc46,,,
spatial,scene_0030,both,auto,oracle,tokens,0,False,,200,True,True,166,True,True,True,akita_black_bowl_2,True,plate_1,True,0.0053,akita_black_bowl_2,plate_1,True,True,depth,0.9103,0.9106,04aa0581369cd708,af5fda96f194c2de,6b68e2bb122018c3,,,
spatial,scene_0030,both,human:aaron_test,oracle,tokens,0,False,,200,False,False,,True,True,True,akita_black_bowl_3,False,plate_2,False,0.0183,akita_black_bowl_3,plate_2,True,True,depth,0.9154,0.9109,04aa0581369cd708,cfc7b4e768616831,a9fdb2a3ff00ab27,,,
spatial,scene_0030,both,human_consensus,oracle,tokens,0,False,,200,False,False,,True,True,True,akita_black_bowl_3,False,plate_2,False,0.0176,akita_black_bowl_3,plate_2,True,True,depth,0.9154,0.9109,04aa0581369cd708,d46399739c807fa8,1214d82088b81f5a,,,
spatial,scene_0031,both,auto,oracle,tokens,0,False,,200,True,True,156,True,True,True,akita_black_bowl_1,True,plate_2,True,0.007,akita_black_bowl_1,plate_2,True,True,depth,0.9133,0.9105,8bc38b2af0044938,79a072ebd225c4ab,504e05f012519cc2,,,
spatial,scene_0031,both,human:aaron_test,oracle,tokens,0,False,,200,False,False,,True,True,True,akita_black_bowl_3,False,plate_2,True,0.0083,akita_black_bowl_3,plate_2,True,True,depth,0.9121,0.9104,8bc38b2af0044938,a2b3dca50d783dd7,37b7a7ce1c204587,,,
spatial,scene_0031,both,human_consensus,oracle,tokens,0,False,,200,False,False,,True,True,True,akita_black_bowl_3,False,plate_2,True,0.0083,akita_black_bowl_3,plate_2,True,True,depth,0.9121,0.9104,8bc38b2af0044938,372bc8cab187cca8,57f4167f5d88cd74,,,
object,scene_0000,control,auto,oracle,tokens,0,False,,200,True,True,173,True,True,True,milk_1,True,basket_1,True,0.0337,milk_1,basket_1,True,True,depth,0.0712,0.1297,24568138ec1920e2,f137e041ef6148cb,ab13a499d11eae4b,,,
object,scene_0000,control,human:aaron_test,oracle,tokens,0,False,,200,False,False,174,True,True,True,milk_1,True,basket_1,True,0.0347,milk_1,basket_1,True,True,depth,0.0878,0.1137,24568138ec1920e2,14b2d33c394e57b3,80e2a4fa89ec3c22,,,
object,scene_0000,control,human_consensus,oracle,tokens,0,False,,200,False,False,174,True,True,True,milk_1,True,basket_1,True,0.0345,milk_1,basket_1,True,True,depth,0.0878,0.1137,24568138ec1920e2,3ae2c4f7f83d3472,e9374cd4531bd91d,,,
object,scene_0001,control,auto,oracle,tokens,0,False,,200,True,True,172,True,True,True,alphabet_soup_1,True,basket_1,True,0.0171,alphabet_soup_1,basket_1,True,True,depth,0.0669,0.1321,8e586fbea44211db,9eb86bed2f2f2783,a9c182547cd2b8f6,,,
object,scene_0001,control,human:aaron_test,oracle,tokens,0,False,,200,False,False,,True,True,True,alphabet_soup_1,True,,False,0.1527,alphabet_soup_1,basket_1,True,,depth,0.0581,0.0974,8e586fbea44211db,8cf5d7b6fa32cf7a,2024872cad2428d9,,,
object,scene_0001,control,human_consensus,oracle,tokens,0,False,,200,False,False,,True,True,True,alphabet_soup_1,True,basket_1,True,0.0712,alphabet_soup_1,basket_1,True,True,depth,0.0581,0.0974,8e586fbea44211db,4c563b78f51b2ce9,d7a9be5865f40882,,,
object,scene_0005,referential,auto,oracle,tokens,0,False,,200,True,True,186,True,True,True,bbq_sauce_1,True,basket_1,True,0.0261,bbq_sauce_1,basket_1,True,True,depth,0.0468,0.1335,c4c3d71f1749c5e0,976d60e806014be2,6587bbb312143097,,,
object,scene_0005,referential,human:aaron_test,oracle,tokens,0,False,,200,True,True,171,True,True,True,bbq_sauce_1,True,basket_1,True,0.0282,bbq_sauce_1,basket_1,True,True,depth,0.0724,0.1125,c4c3d71f1749c5e0,5b5fd0600a1db90b,50bff4cfea3fd839,,,
object,scene_0005,referential,human_consensus,oracle,tokens,0,False,,200,True,True,170,True,True,True,bbq_sauce_1,True,basket_1,True,0.0281,bbq_sauce_1,basket_1,True,True,depth,0.0724,0.1125,c4c3d71f1749c5e0,79759ce2ef4a70f6,7b6ed160fcca9cb7,,,
object,scene_0007,referential,auto,oracle,tokens,0,False,,200,False,False,,True,False,False,,False,,False,0.5179,chocolate_pudding_2,basket_1,,,depth,0.0327,0.1404,5bd81ad1651554de,8b48954326d09643,aef11797a8dc1e4c,,,
object,scene_0007,referential,human:aaron_test,oracle,tokens,0,False,,200,False,False,,True,False,False,,False,,False,0.5179,chocolate_pudding_2,basket_1,,,depth,0.0326,0.1042,5bd81ad1651554de,50c001df1e59e3d6,62342ade8b3107cd,,,
object,scene_0007,referential,human_consensus,oracle,tokens,0,False,,200,False,False,,True,False,False,,False,,False,0.5179,chocolate_pudding_2,basket_1,,,depth,0.0326,0.1042,5bd81ad1651554de,056d2fe5b329d368,626bc6bd1cbd94a2,,,
object,scene_0011,referential,auto,oracle,tokens,0,False,,200,True,True,170,True,True,True,butter_1,True,basket_1,True,0.0424,butter_1,basket_1,True,True,depth,0.0058,0.1114,7460414c554dc100,13c03a354e328d0d,779b8a7d4b344767,,,
object,scene_0011,referential,human:aaron_test,oracle,tokens,0,False,,200,False,False,,True,False,False,,False,,False,0.4613,butter_1,basket_1,,,depth,0.0226,0.0951,7460414c554dc100,c467d465385e9e49,7d2761bdbad7b355,,,
object,scene_0011,referential,human_consensus,oracle,tokens,0,False,,200,False,False,,True,False,False,,False,,False,0.4613,butter_1,basket_1,,,depth,0.0226,0.0951,7460414c554dc100,80e583c1c3b816e6,fcbd03cc69ca48e7,,,
object,scene_0013,referential,auto,oracle,tokens,0,False,,200,False,False,,True,False,False,,False,,False,0.234,tomato_sauce_2,basket_1,,,depth,0.13,0.1299,ddf335b4891b38ce,e6f10c06f35ee0bb,0b3f6cad99c71e4d,,,
object,scene_0013,referential,human:aaron_test,oracle,tokens,0,False,,200,False,False,,True,False,False,,False,,False,0.2338,tomato_sauce_1,basket_1,,,depth,0.0771,0.0932,ddf335b4891b38ce,9b20728f0c58153b,2cfa0f68e531f281,,,
object,scene_0013,referential,human_consensus,oracle,tokens,0,False,,200,False,False,,True,False,False,,False,,False,0.2338,tomato_sauce_1,basket_1,,,depth,0.0771,0.0932,ddf335b4891b38ce,bbbb46561f0c3e4f,1c9252d886f7a7fb,,,
object,scene_0023,directional,auto,oracle,tokens,0,False,,200,True,True,169,True,True,True,orange_juice_1,True,basket_1,True,0.0314,orange_juice_1,basket_1,True,True,depth,0.0579,0.115,d96da7f208aa257c,531a20b42ebe65e9,2eb995611f5314ee,,,
object,scene_0023,directional,human:aaron_test,oracle,tokens,0,False,,200,False,False,,True,True,True,orange_juice_1,True,,False,0.0862,orange_juice_1,basket_3,True,,depth,0.0739,0.0795,d96da7f208aa257c,e810c49dd077ebd5,c53c435165f4c233,,,
object,scene_0023,directional,human_consensus,oracle,tokens,0,False,,200,False,False,,True,True,True,orange_juice_1,True,,False,0.086,orange_juice_1,basket_3,True,,depth,0.0739,0.0795,d96da7f208aa257c,07c8106bcde72d5b,442087c33f1d9750,,,
object,scene_0024,directional,auto,oracle,tokens,0,False,,200,False,False,,True,True,True,ketchup_1,True,,False,0.1114,ketchup_1,basket_1,True,,depth,0.0627,0.0904,a1e26648ca9788d4,d746c4e61a9fa0fd,082c357ff3c66e3c,,,
object,scene_0024,directional,human:aaron_test,oracle,tokens,0,False,,200,False,False,,True,True,True,ketchup_1,True,basket_3,False,0.0187,ketchup_1,basket_3,True,True,depth,0.0782,0.0858,a1e26648ca9788d4,cac6b64a79496103,62a68de298070bfe,,,
object,scene_0024,directional,human_consensus,oracle,tokens,0,False,,200,False,False,,True,True,True,ketchup_1,True,basket_3,False,0.0048,ketchup_1,basket_3,True,True,depth,0.0782,0.0858,a1e26648ca9788d4,b7749e64012c9b8c,de55a3e002f7af62,,,
object,scene_0025,directional,auto,oracle,tokens,0,False,,200,False,False,,True,True,True,bbq_sauce_1,True,,False,0.1151,bbq_sauce_1,basket_1,True,,depth,0.0315,0.1099,6361d032e466c1f8,53f7546c66f8bb87,e34baf92a3025fd2,,,
object,scene_0025,directional,human:aaron_test,oracle,tokens,0,False,,200,True,True,168,True,True,True,bbq_sauce_1,True,basket_1,True,0.0149,bbq_sauce_1,basket_1,True,True,depth,0.0665,0.0961,6361d032e466c1f8,c07295b55c449293,8a84cbc8fc17978f,,,
object,scene_0025,directional,human_consensus,oracle,tokens,0,False,,200,True,True,175,True,True,True,bbq_sauce_1,True,basket_1,True,0.0332,bbq_sauce_1,basket_1,True,True,depth,0.0665,0.0961,6361d032e466c1f8,617ec37a1c36297a,f54b276a14d55bbe,,,
object,scene_0027,both,auto,oracle,tokens,0,False,,200,False,False,,True,False,False,,False,,False,0.2247,chocolate_pudding_1,basket_2,,,depth,0.0329,0.1154,2a169cf0400921fa,2ac26c4830874382,8372ac2aaa810baf,,,
object,scene_0027,both,human:aaron_test,oracle,tokens,0,False,,200,False,False,,True,False,False,,False,,False,0.2247,chocolate_pudding_1,basket_2,,,depth,0.0326,0.1036,2a169cf0400921fa,34a6446f1160b477,f5e03f03bc2dacf9,,,
object,scene_0027,both,human_consensus,oracle,tokens,0,False,,200,False,False,,True,False,False,,False,,False,0.2247,chocolate_pudding_1,basket_2,,,depth,0.0326,0.1036,2a169cf0400921fa,6821a6ef3c906d29,ff2dd739ad132d03,,,
object,scene_0029,both,auto,oracle,tokens,0,False,,200,False,False,,True,False,False,,False,,False,0.3434,butter_2,basket_1,,,depth,0.0062,0.1405,edb57583c0b7e793,8429f595ac8caa0a,b3da0aa72bf87c4f,,,
object,scene_0029,both,human:aaron_test,oracle,tokens,0,False,,200,False,False,,True,False,False,,False,,False,0.3434,cream_cheese_1,basket_1,,,depth,0.024,0.0994,edb57583c0b7e793,8d2e5194a623c9fb,859df4e85b1154fd,,,
object,scene_0029,both,human_consensus,oracle,tokens,0,False,,200,False,False,,True,False,False,,False,,False,0.3434,cream_cheese_1,basket_1,,,depth,0.024,0.0994,edb57583c0b7e793,f2059a63204759ca,b737a513a2bf759b,,,
object,scene_0033,both,auto,oracle,tokens,0,False,,200,False,False,,True,False,False,,False,,False,0.4874,orange_juice_3,basket_2,,,depth,0.0607,0.1272,d90cee800815002d,0a5f9d77d685cda3,de877c48bd3fb55a,,,
object,scene_0033,both,human:aaron_test,oracle,tokens,0,False,,200,False,False,,True,True,True,orange_juice_1,False,basket_1,False,0.0159,orange_juice_1,basket_1,True,True,depth,0.0794,0.1036,d90cee800815002d,7835ee0b40aaaf55,b216f9f926b91897,,,
object,scene_0033,both,human_consensus,oracle,tokens,0,False,,200,False,False,,True,True,True,orange_juice_1,False,,False,0.173,orange_juice_1,basket_1,True,,depth,0.0794,0.1036,d90cee800815002d,d8c35c7314b31c02,097c788eed07deb7,,,
goal,scene_0001,control,auto,oracle,tokens,0,False,,200,False,False,,True,False,False,,False,,False,,akita_black_bowl_1,akita_black_bowl_1,,,depth,0.9341,0.9352,b1824863dc89cd32,0066a053b4c9963a,ea3925e8b9080863,,,
goal,scene_0001,control,human:aaron_test,oracle,tokens,0,False,,200,True,True,166,True,True,True,akita_black_bowl_1,True,,False,,akita_black_bowl_1,akita_black_bowl_1,True,,depth,0.9133,0.9354,b1824863dc89cd32,6bb8722f1e0ba802,eea59f6d78b38f89,,,
goal,scene_0001,control,human_consensus,oracle,tokens,0,False,,200,True,True,166,True,True,True,akita_black_bowl_1,True,,False,,akita_black_bowl_1,akita_black_bowl_1,True,,depth,0.9133,0.9354,b1824863dc89cd32,49f1a8941c6077d5,76f4686b4496629d,,,
goal,scene_0002,control,auto,oracle,tokens,0,False,,200,False,False,,False,False,False,,False,,False,,wine_bottle_1,wine_bottle_1,,,depth,0.9433,0.284,138934b0a0e6e560,f01363c2b7d9eca7,324b14e88b6f00b6,,,
goal,scene_0002,control,human:aaron_test,oracle,tokens,0,False,,200,False,False,,False,False,False,,False,,False,,wine_bottle_1,wine_bottle_1,,,depth,0.9784,1.1772,138934b0a0e6e560,782fa428092d92b0,c178f7a96f07a278,,,
goal,scene_0002,control,human_consensus,oracle,tokens,0,False,,200,False,False,,False,False,False,,False,,False,,wine_bottle_1,wine_bottle_1,,,depth,0.9784,1.1772,138934b0a0e6e560,f8d7873e2e5b83c3,a5d9f1fd05072373,,,
goal,scene_0005,referential,auto,oracle,tokens,0,False,,200,True,False,199,True,True,True,akita_black_bowl_1,True,plate_1,True,0.0005,akita_black_bowl_1,plate_1,True,True,depth,0.9119,1.0063,0d5a5137791b06c8,74382b27954bf87d,51abf57372c09029,,,
goal,scene_0005,referential,human:aaron_test,oracle,tokens,0,False,,200,True,True,167,True,True,True,akita_black_bowl_1,True,plate_1,True,0.0172,akita_black_bowl_1,plate_1,True,True,depth,0.9151,0.9112,0d5a5137791b06c8,6543b082e95820c6,05ed3b6d45dbc764,,,
goal,scene_0005,referential,human_consensus,oracle,tokens,0,False,,200,True,True,167,True,True,True,akita_black_bowl_1,True,plate_1,True,0.0169,akita_black_bowl_1,plate_1,True,True,depth,0.9151,0.9112,0d5a5137791b06c8,024d0eceaae7ed8c,79c3694933c2d722,,,
goal,scene_0010,referential,auto,oracle,tokens,0,False,,200,False,False,,False,False,False,,False,,False,,plate_1,plate_1,,,depth,0.9113,0.9044,fbb3e7946b7b4058,3039a75b02950f15,096edb6726ea4156,,,
goal,scene_0010,referential,human:aaron_test,oracle,tokens,0,False,,200,False,False,,False,False,False,,False,,False,,plate_1,plate_2,,,depth,0.911,0.9354,fbb3e7946b7b4058,bb31365b4d10a9f4,f735570aeb2f9503,,,
goal,scene_0010,referential,human_consensus,oracle,tokens,0,False,,200,False,False,,False,False,False,,False,,False,,plate_1,plate_2,,,depth,0.911,0.9354,fbb3e7946b7b4058,94e076ec4f3c0198,11db9ccdbd5835a1,,,
goal,scene_0013,referential,auto,oracle,tokens,0,False,,200,False,False,,False,False,False,,False,,False,,wine_bottle_1,wine_bottle_1,,,depth,0.969,0.2425,bb1a5e9f3ed58759,45adeccf963ada79,fba422d75580863a,,,
goal,scene_0013,referential,human:aaron_test,oracle,tokens,0,False,,200,False,False,,False,False,False,,False,,False,,wine_bottle_1,wine_bottle_1,,,depth,0.9839,1.1825,bb1a5e9f3ed58759,b3594278b866c929,74a80d22791bd6a4,,,
goal,scene_0013,referential,human_consensus,oracle,tokens,0,False,,200,False,False,,False,False,False,,False,,False,,wine_bottle_1,wine_bottle_1,,,depth,0.9839,1.1825,bb1a5e9f3ed58759,1ee52d02b1b62f8f,a274b9565ce61882,,,
goal,scene_0015,referential,auto,oracle,tokens,0,False,,200,False,False,,True,False,False,,False,,False,0.1375,cream_cheese_1,akita_black_bowl_1,,,depth,0.9221,0.9123,b7beb333add70255,ae31e5814d37444b,d20d29c4c76cf552,,,
goal,scene_0015,referential,human:aaron_test,oracle,tokens,0,False,,200,False,False,,True,False,False,,False,,False,0.1366,cream_cheese_3,akita_black_bowl_1,,,depth,0.9221,0.9182,b7beb333add70255,e9e2ee6f8530f39b,e32e97d44da2b9c8,,,
goal,scene_0015,referential,human_consensus,oracle,tokens,0,False,,200,False,False,,True,False,False,,False,,False,0.1366,cream_cheese_3,akita_black_bowl_1,,,depth,0.9221,0.9182,b7beb333add70255,865ccbf1791f1dfb,6f730b8b615ddc39,,,
goal,scene_0018,directional,auto,oracle,tokens,0,False,,200,False,False,,True,True,True,akita_black_bowl_1,True,,False,0.1672,akita_black_bowl_1,plate_1,True,,depth,0.9213,0.9106,84d6631863c0a0bf,fae7ebcf45d27842,2afe2e482d4dc8fc,,,
goal,scene_0018,directional,human:aaron_test,oracle,tokens,0,False,,200,True,True,166,True,True,True,akita_black_bowl_1,True,plate_1,True,0.0172,akita_black_bowl_1,plate_1,True,True,depth,0.9133,0.9113,84d6631863c0a0bf,806f59e7636d4d65,a0bcd6fca883710f,,,
goal,scene_0018,directional,human_consensus,oracle,tokens,0,False,,200,True,True,166,True,True,True,akita_black_bowl_1,True,plate_1,True,0.0173,akita_black_bowl_1,plate_1,True,True,depth,0.9133,0.9113,84d6631863c0a0bf,7a1138ea58a60e32,b0004ab47b66c50e,,,
goal,scene_0019,directional,auto,oracle,tokens,0,False,,200,False,False,,True,True,True,akita_black_bowl_1,True,,False,0.1093,akita_black_bowl_1,plate_3,True,,depth,0.9243,0.9153,92995d25f4429307,f9d640873a9e81bc,4db2b481f2a42123,,,
goal,scene_0019,directional,human:aaron_test,oracle,tokens,0,False,,200,False,False,,True,False,False,,False,,False,0.1133,akita_black_bowl_1,plate_3,,,depth,0.9155,0.9153,92995d25f4429307,5ee1809959ba9e17,e9cde8d55e13e865,,,
goal,scene_0019,directional,human_consensus,oracle,tokens,0,False,,200,True,True,157,True,True,True,akita_black_bowl_1,True,plate_3,True,0.0131,akita_black_bowl_1,plate_3,True,True,depth,0.9155,0.9153,92995d25f4429307,a8b602bf22ad8264,70383919a72553d0,,,
goal,scene_0025,directional,auto,oracle,tokens,0,False,,200,False,False,177,True,True,True,akita_black_bowl_1,True,plate_2,True,0.0248,akita_black_bowl_1,plate_2,True,True,depth,0.9163,0.9267,027f37f8891d24e6,a5bd6bba7f4db0a5,c9defe0168701b10,,,
goal,scene_0025,directional,human:aaron_test,oracle,tokens,0,False,,200,False,False,,True,True,True,akita_black_bowl_1,True,,False,0.2108,akita_black_bowl_1,plate_3,True,,depth,0.9214,0.9225,027f37f8891d24e6,25871b0b33925fc0,34251590bb897898,,,
goal,scene_0025,directional,human_consensus,oracle,tokens,0,False,,200,False,False,,True,True,True,akita_black_bowl_1,True,,False,0.2247,akita_black_bowl_1,plate_3,True,,depth,0.9214,0.9225,027f37f8891d24e6,d74e6243c9d624b2,a05b48373fae5c8c,,,
goal,scene_0026,both,auto,oracle,tokens,0,False,,200,True,True,166,True,True,True,akita_black_bowl_1,True,plate_2,True,0.0262,akita_black_bowl_1,plate_2,True,True,depth,0.9129,0.9435,5ffa2d92d0ac4eda,30011a585176d429,12fc836a1b85308c,,,
goal,scene_0026,both,human:aaron_test,oracle,tokens,0,False,,200,True,True,166,True,True,True,akita_black_bowl_1,True,plate_2,True,0.0162,akita_black_bowl_1,plate_2,True,True,depth,0.913,0.9427,5ffa2d92d0ac4eda,e5634509d91c5a63,7d86e48926329f1f,,,
goal,scene_0026,both,human_consensus,oracle,tokens,0,False,,200,True,True,166,True,True,True,akita_black_bowl_1,True,plate_2,True,0.0163,akita_black_bowl_1,plate_2,True,True,depth,0.913,0.9427,5ffa2d92d0ac4eda,298a8578d43ac66a,2e33550d274b0e42,,,
goal,scene_0033,both,auto,oracle,tokens,0,False,,200,False,False,,True,True,True,akita_black_bowl_2,False,akita_black_bowl_2,True,0.0,cream_cheese_1,akita_black_bowl_2,False,True,depth,0.9221,0.9113,279ab1a55a89305e,9124af398ebe43a9,8fa35cda3f0c9ca7,,,
goal,scene_0033,both,human:aaron_test,oracle,tokens,0,False,,200,False,False,,True,False,False,,False,,False,0.1519,cream_cheese_1,akita_black_bowl_2,,,depth,0.9223,0.911,279ab1a55a89305e,b055cc5825bda9d8,4770855997c98b76,,,
goal,scene_0033,both,human_consensus,oracle,tokens,0,False,,200,False,False,,True,False,False,,False,,False,0.1519,cream_cheese_1,akita_black_bowl_2,,,depth,0.9223,0.911,279ab1a55a89305e,fd6574379303f899,697f722a8f0ffda6,,,
goal,scene_0034,both,auto,oracle,tokens,0,False,,200,False,False,,True,False,False,,False,,False,0.1146,akita_black_bowl_1,plate_1,,,depth,0.9371,0.9112,f5a16e4edc475053,4dfca407db76c966,1237c0ba64326b96,,,
goal,scene_0034,both,human:aaron_test,oracle,tokens,0,False,,200,False,False,,True,True,True,akita_black_bowl_4,False,plate_1,True,0.0474,akita_black_bowl_4,plate_1,True,True,depth,0.9121,0.9113,f5a16e4edc475053,b9791fc1a10b499a,5595cb45afda67ab,,,
goal,scene_0034,both,human_consensus,oracle,tokens,0,False,,200,False,False,,True,True,True,akita_black_bowl_4,False,plate_1,True,0.0477,akita_black_bowl_4,plate_1,True,True,depth,0.9121,0.9113,f5a16e4edc475053,db669282432f705a,f6ba0def168bef38,,,
spatial,scene_0000,control,text_only,text_guess,tokens,0,False,,200,True,True,166,True,True,True,akita_black_bowl_1,True,plate_1,True,0.0026,,,,,depth,0.9109,0.9118,d1b42b0dcd62c359,15eae7fdd27b666c,a7f00d78401461fd,,,
spatial,scene_0000,control,text_only,text_guess,tokens,1,False,,200,True,True,166,True,True,True,akita_black_bowl_1,True,plate_1,True,0.0025,,,,,depth,0.9109,0.9118,d1b42b0dcd62c359,0cdbeb9dc5e0b7a0,3766824ae61faa0e,,,
spatial,scene_0000,control,text_only,text_guess,tokens,2,False,,200,True,True,166,True,True,True,akita_black_bowl_1,True,plate_1,True,0.0024,,,,,depth,0.9109,0.9118,d1b42b0dcd62c359,5c7e7ab278f616b4,6a501a5a191ce37e,,,
spatial,scene_0001,control,text_only,text_guess,tokens,0,False,,200,True,True,166,True,True,True,akita_black_bowl_1,True,plate_1,True,0.0054,,,,,depth,0.9113,0.9114,52a969ecb73b891c,b13b52664843f4ce,9dd19ef7a422e77b,,,
spatial,scene_0001,control,text_only,text_guess,tokens,1,False,,200,True,True,166,True,True,True,akita_black_bowl_1,True,plate_1,True,0.0053,,,,,depth,0.9113,0.9114,52a969ecb73b891c,e7b364aa8b7d9656,f8dbae07fba953cc,,,
spatial,scene_0001,control,text_only,text_guess,tokens,2,False,,200,True,True,166,True,True,True,akita_black_bowl_1,True,plate_1,True,0.0052,,,,,depth,0.9113,0.9114,52a969ecb73b891c,56cbe1ab9f4c4649,a120cb8d7325e1b9,,,
spatial,scene_0008,referential,text_only,text_guess,tokens,0,False,,200,True,True,166,True,True,True,akita_black_bowl_2,True,plate_1,True,0.0075,,,,,depth,0.9117,0.9119,b5bc6f7854e8d826,094a00c696e59efd,2a0f7d06e49d19aa,,,
spatial,scene_0008,referential,text_only,text_guess,tokens,1,False,,200,False,False,,True,True,True,akita_black_bowl_1,False,plate_1,True,0.0067,,,,,depth,0.9107,0.9119,b5bc6f7854e8d826,7eccc97397c0e7d0,0da113d196e2d012,,,
spatial,scene_0008,referential,text_only,text_guess,tokens,2,False,,200,True,True,166,True,True,True,akita_black_bowl_2,True,plate_1,True,0.0073,,,,,depth,0.9117,0.9119,b5bc6f7854e8d826,d3b878e3031ff3f1,905f678fb787e230,,,
spatial,scene_0009,referential,text_only,text_guess,tokens,0,False,,200,False,False,,True,False,False,,False,,False,0.222,,,,,depth,0.94,0.9111,2ab3a665f4a9fe53,423339efa28bad44,f020f034ca57ebb2,,,
spatial,scene_0009,referential,text_only,text_guess,tokens,1,False,,200,False,False,,True,False,False,,False,,False,0.222,,,,,depth,0.94,0.9111,2ab3a665f4a9fe53,60decaef7734ae6d,978926231a220826,,,
spatial,scene_0009,referential,text_only,text_guess,tokens,2,False,,200,True,True,166,True,True,True,akita_black_bowl_2,True,plate_1,True,0.0093,,,,,depth,0.9118,0.9111,2ab3a665f4a9fe53,c85804adff5f7008,0030b4ba00d481b1,,,
spatial,scene_0012,referential,text_only,text_guess,tokens,0,False,,200,False,False,,True,True,True,akita_black_bowl_3,False,plate_1,True,0.0064,,,,,depth,0.9107,0.9114,82492353d93beba8,20d812d4f3e0212f,c6f7047530b2d959,,,
spatial,scene_0012,referential,text_only,text_guess,tokens,1,False,,200,False,False,,True,True,True,akita_black_bowl_2,False,plate_1,True,0.0063,,,,,depth,0.911,0.9114,82492353d93beba8,3589e6332de0de5c,e1da3f53a67e87b2,,,
spatial,scene_0012,referential,text_only,text_guess,tokens,2,False,,200,False,False,,True,True,True,akita_black_bowl_2,False,plate_1,True,0.0062,,,,,depth,0.911,0.9114,82492353d93beba8,9fa38e32f1efb4f9,73e334dfec9fed2e,,,
spatial,scene_0016,referential,text_only,text_guess,tokens,0,False,,200,False,False,,True,True,True,akita_black_bowl_1,False,,False,0.1863,,,,,depth,0.9101,0.911,41430078024def33,b3fee5e5301f2829,b7c6e46459e9b907,,,
spatial,scene_0016,referential,text_only,text_guess,tokens,1,False,,200,False,False,,True,True,True,akita_black_bowl_5,False,plate_1,True,0.0077,,,,,depth,0.9112,0.911,41430078024def33,5bdd99e6a82e8004,c64d2e619c02c20a,,,
spatial,scene_0016,referential,text_only,text_guess,tokens,2,False,,200,False,False,,True,True,True,akita_black_bowl_3,False,plate_1,True,0.0074,,,,,depth,0.9109,0.911,41430078024def33,7552150b780e704f,73a50729e950b0ac,,,
spatial,scene_0017,directional,text_only,text_guess,tokens,0,False,,200,True,True,165,True,True,True,akita_black_bowl_1,True,plate_1,True,0.0087,,,,,depth,0.9121,0.9105,42632e6e82720c09,27049e8e9abb4980,a9d0e1ca8770183b,,,
spatial,scene_0017,directional,text_only,text_guess,tokens,1,False,,200,False,False,,True,True,True,akita_black_bowl_1,True,plate_2,False,0.006,,,,,depth,0.9121,0.9114,42632e6e82720c09,58f7bdc92c26a1e6,007dc02685d5b0da,,,
spatial,scene_0017,directional,text_only,text_guess,tokens,2,False,,200,False,False,,True,True,True,akita_black_bowl_1,True,plate_2,False,0.0059,,,,,depth,0.9121,0.9114,42632e6e82720c09,32700107d663cdae,87194fd5b3978bc8,,,
spatial,scene_0021,directional,text_only,text_guess,tokens,0,False,,200,False,False,,True,True,True,akita_black_bowl_1,True,plate_2,False,0.0083,,,,,depth,0.9123,0.9113,4b4c774a4be2986c,94ee97c36dbebfcd,a5d8a04770fcdfb0,,,
spatial,scene_0021,directional,text_only,text_guess,tokens,1,False,,200,False,False,,True,True,True,akita_black_bowl_1,True,plate_2,False,0.0082,,,,,depth,0.9123,0.9113,4b4c774a4be2986c,840d6b0963aa6ee1,698dc01777860442,,,
spatial,scene_0021,directional,text_only,text_guess,tokens,2,False,,200,True,True,166,True,True,True,akita_black_bowl_1,True,plate_1,True,0.0076,,,,,depth,0.9123,0.9133,4b4c774a4be2986c,c46a3cfb6e992e46,6121b60fe09f5e0b,,,
spatial,scene_0025,directional,text_only,text_guess,tokens,0,False,,200,True,True,164,True,True,True,akita_black_bowl_1,True,plate_3,True,0.0126,,,,,depth,0.9196,0.9105,950129e7380d5320,a63a4539bf453d5a,44df3444beb716a9,,,
spatial,scene_0025,directional,text_only,text_guess,tokens,1,False,,200,False,False,,True,True,True,akita_black_bowl_1,True,plate_4,False,0.0077,,,,,depth,0.9196,0.9115,950129e7380d5320,0162d12955266564,f28741a001a25a7f,,,
spatial,scene_0025,directional,text_only,text_guess,tokens,2,False,,200,False,False,,True,True,True,akita_black_bowl_1,True,plate_4,False,0.0073,,,,,depth,0.9196,0.9115,950129e7380d5320,17ca03a49f5a764a,1a9a790305bf360e,,,
spatial,scene_0029,both,text_only,text_guess,tokens,0,False,,200,False,False,,True,False,False,,False,,False,0.2371,,,,,depth,0.9105,0.911,0195be60883fac6e,d11ebd484853cf6d,dbf4c99a794aab91,,,
spatial,scene_0029,both,text_only,text_guess,tokens,1,False,,200,False,False,,True,True,True,akita_black_bowl_2,False,plate_2,True,0.0075,,,,,depth,0.912,0.911,0195be60883fac6e,3d214af34c6b5d97,f74fc6ff0adaec11,,,
spatial,scene_0029,both,text_only,text_guess,tokens,2,False,,200,False,False,,True,True,True,akita_black_bowl_4,False,plate_1,False,0.0058,,,,,depth,0.9112,0.9116,0195be60883fac6e,d150739744bda8b6,581cea45e2d265ec,,,
spatial,scene_0030,both,text_only,text_guess,tokens,0,False,,200,False,False,,True,True,True,akita_black_bowl_3,False,plate_1,True,0.006,,,,,depth,0.9113,0.9105,04aa0581369cd708,af5fda96f194c2de,bfadc4861a7f6d0d,,,
spatial,scene_0030,both,text_only,text_guess,tokens,1,False,,200,False,False,,True,True,True,akita_black_bowl_3,False,plate_2,False,0.0094,,,,,depth,0.9113,0.911,04aa0581369cd708,d73e92785fa14fc9,5a19d17f015600bf,,,
spatial,scene_0030,both,text_only,text_guess,tokens,2,False,,200,False,False,,True,True,True,akita_black_bowl_2,True,plate_2,False,0.0082,,,,,depth,0.9105,0.911,04aa0581369cd708,b3eaf05e00008029,cddc568d2d8820f0,,,
spatial,scene_0031,both,text_only,text_guess,tokens,0,False,,200,False,False,,True,True,True,akita_black_bowl_3,False,plate_2,True,0.0114,,,,,depth,0.9113,0.9106,8bc38b2af0044938,79a072ebd225c4ab,6f327fac9cae0af9,,,
spatial,scene_0031,both,text_only,text_guess,tokens,1,False,,200,False,False,,True,True,True,akita_black_bowl_4,False,plate_2,True,0.0094,,,,,depth,0.9117,0.9106,8bc38b2af0044938,ce073a220dc8be0c,40ddc7ea07addd03,,,
spatial,scene_0031,both,text_only,text_guess,tokens,2,False,,200,False,False,,True,True,True,akita_black_bowl_3,False,plate_1,False,0.0073,,,,,depth,0.9113,0.9117,8bc38b2af0044938,fcbfbaa173c8d25f,304adf35f6c1f44a,,,
object,scene_0000,control,text_only,text_guess,tokens,0,False,,200,False,False,,True,True,True,milk_1,True,basket_1,True,0.0223,,,,,depth,0.0795,0.112,24568138ec1920e2,f137e041ef6148cb,cd13ecad23e12c23,,,
object,scene_0000,control,text_only,text_guess,tokens,1,False,,200,False,False,,True,True,True,milk_1,True,basket_1,True,0.022,,,,,depth,0.0795,0.112,24568138ec1920e2,d5df87b1d8c4cdc1,0b2aba7b7be4af7c,,,
object,scene_0000,control,text_only,text_guess,tokens,2,False,,200,False,False,,True,True,True,milk_1,True,basket_1,True,0.0221,,,,,depth,0.0795,0.112,24568138ec1920e2,c894519c7fca1525,b9e1461da83b34d1,,,
object,scene_0001,control,text_only,text_guess,tokens,0,False,,200,True,True,170,True,True,True,alphabet_soup_1,True,basket_1,True,0.0187,,,,,depth,0.0581,0.1138,8e586fbea44211db,9eb86bed2f2f2783,ac9e8e0c34b58966,,,
object,scene_0001,control,text_only,text_guess,tokens,1,False,,200,True,True,170,True,True,True,alphabet_soup_1,True,basket_1,True,0.0193,,,,,depth,0.0581,0.1138,8e586fbea44211db,07be2ff9db9595ad,9c0919afcaff8555,,,
object,scene_0001,control,text_only,text_guess,tokens,2,False,,200,True,True,171,True,True,True,alphabet_soup_1,True,basket_1,True,0.0185,,,,,depth,0.0581,0.1138,8e586fbea44211db,ca8fd254ffc99a54,f9418d7c15c31001,,,
object,scene_0005,referential,text_only,text_guess,tokens,0,False,,200,False,False,,True,True,True,bbq_sauce_2,False,basket_1,True,0.0344,,,,,depth,0.053,0.1076,c4c3d71f1749c5e0,976d60e806014be2,3dd586b86d337086,,,
object,scene_0005,referential,text_only,text_guess,tokens,1,False,,200,False,False,,True,True,True,bbq_sauce_2,False,basket_1,True,0.0336,,,,,depth,0.053,0.1076,c4c3d71f1749c5e0,191fcef61d6a22dc,6b08a9cf07ca6803,,,
object,scene_0005,referential,text_only,text_guess,tokens,2,False,,200,False,False,,True,True,True,bbq_sauce_2,False,basket_1,True,0.0341,,,,,depth,0.053,0.1076,c4c3d71f1749c5e0,7722cc85cfc2af5c,a48f0f33ab1dec14,,,
object,scene_0007,referential,text_only,text_guess,tokens,0,False,,200,False,False,,True,False,False,,False,,False,0.5178,,,,,depth,0.0324,0.1187,5bd81ad1651554de,8b48954326d09643,466318538ff3b380,,,
object,scene_0007,referential,text_only,text_guess,tokens,1,False,,200,False,False,,True,False,False,,False,,False,0.5178,,,,,depth,0.0324,0.1187,5bd81ad1651554de,965ca8cee42f5443,3cf020fdfeed923b,,,
object,scene_0007,referential,text_only,text_guess,tokens,2,False,,200,False,False,,True,False,False,,False,,False,0.5178,,,,,depth,0.0324,0.1187,5bd81ad1651554de,6f2c4c2fd786a489,3dff5cd8330ef7b5,,,
object,scene_0011,referential,text_only,text_guess,tokens,0,False,,200,False,False,,True,False,False,,False,,False,0.4614,,,,,depth,0.0226,0.1016,7460414c554dc100,13c03a354e328d0d,b3824a4446a88556,,,
object,scene_0011,referential,text_only,text_guess,tokens,1,False,,200,False,False,,True,False,False,,False,,False,0.4614,,,,,depth,0.0233,0.1016,7460414c554dc100,45ef023b34dd5dd0,7fdf4a032d08443d,,,
object,scene_0011,referential,text_only,text_guess,tokens,2,False,,200,False,False,,True,True,True,butter_3,False,basket_1,True,0.0798,,,,,depth,0.022,0.1016,7460414c554dc100,e9a7119536ea19e1,e66ffd5c873b6875,,,
object,scene_0013,referential,text_only,text_guess,tokens,0,False,,200,False,False,,True,True,True,tomato_sauce_4,False,basket_1,True,0.03,,,,,depth,0.0512,0.1119,ddf335b4891b38ce,e6f10c06f35ee0bb,db00a0ca3fd2b199,,,
object,scene_0013,referential,text_only,text_guess,tokens,1,False,,200,False,False,,True,False,False,,False,,False,0.234,,,,,depth,0.1301,0.1119,ddf335b4891b38ce,97b05b320dd544c8,c0e7720c68b43086,,,
object,scene_0013,referential,text_only,text_guess,tokens,2,False,,200,False,False,,True,True,True,tomato_sauce_1,False,,False,0.1434,,,,,depth,0.0618,0.1119,ddf335b4891b38ce,f12ffdfd3631e0f2,0c34c3401df4d48e,,,
object,scene_0023,directional,text_only,text_guess,tokens,0,False,,200,True,True,171,True,True,True,orange_juice_1,True,basket_1,True,0.0188,,,,,depth,0.0816,0.0979,d96da7f208aa257c,531a20b42ebe65e9,df97ef54fb796062,,,
object,scene_0023,directional,text_only,text_guess,tokens,1,False,,200,True,True,171,True,True,True,orange_juice_1,True,basket_1,True,0.0187,,,,,depth,0.0816,0.0979,d96da7f208aa257c,4e26d8fdb9bc3795,5e392474c3c7f401,,,
object,scene_0023,directional,text_only,text_guess,tokens,2,False,,200,True,True,170,True,True,True,orange_juice_1,True,basket_1,True,0.0186,,,,,depth,0.0816,0.0979,d96da7f208aa257c,25b632e99cef68f6,aa34176eaa18a86d,,,
object,scene_0024,directional,text_only,text_guess,tokens,0,False,,200,False,False,,True,True,True,ketchup_1,True,,False,0.0971,,,,,depth,0.0779,0.1086,a1e26648ca9788d4,d746c4e61a9fa0fd,ce95bd7f2e42acff,,,
object,scene_0024,directional,text_only,text_guess,tokens,1,False,,200,False,False,,True,True,True,ketchup_1,True,,False,0.1394,,,,,depth,0.0779,0.1131,a1e26648ca9788d4,9afdeedff344b107,394a9b4d29a8ccda,,,
object,scene_0024,directional,text_only,text_guess,tokens,2,False,,200,False,False,,True,True,True,ketchup_1,True,,False,0.1442,,,,,depth,0.0779,0.1131,a1e26648ca9788d4,ace17af3f391b4e9,9fd9f4086ae858ba,,,
object,scene_0025,directional,text_only,text_guess,tokens,0,False,,200,False,False,,True,True,True,bbq_sauce_1,True,basket_3,False,0.0309,,,,,depth,0.0578,0.1055,6361d032e466c1f8,53f7546c66f8bb87,1a37cd6cd83f3416,,,
object,scene_0025,directional,text_only,text_guess,tokens,1,False,,200,True,True,145,True,True,True,bbq_sauce_1,True,basket_1,True,0.0366,,,,,depth,0.0578,0.1263,6361d032e466c1f8,4e7793fd8b038b03,63a2b52a632b470b,,,
object,scene_0025,directional,text_only,text_guess,tokens,2,False,,200,False,False,,True,True,True,bbq_sauce_1,True,basket_3,False,0.0173,,,,,depth,0.0578,0.1055,6361d032e466c1f8,4c285fa1e2c5604e,ee61977f5d7a35de,,,
object,scene_0027,both,text_only,text_guess,tokens,0,False,,200,False,False,,True,False,False,,False,,False,0.2247,,,,,depth,0.0323,0.1083,2a169cf0400921fa,2ac26c4830874382,b84b95f97a166f23,,,
object,scene_0027,both,text_only,text_guess,tokens,1,False,,200,False,False,,True,False,False,,False,,False,0.2247,,,,,depth,0.0334,0.1203,2a169cf0400921fa,38d42955c5eb597a,2c543b8f19b1ab56,,,
object,scene_0027,both,text_only,text_guess,tokens,2,False,,200,False,False,,True,False,False,,False,,False,0.2247,,,,,depth,0.0334,0.1203,2a169cf0400921fa,7bb64b0496d77345,877c2ec25750add1,,,
object,scene_0029,both,text_only,text_guess,tokens,0,False,,200,False,False,,True,False,False,,False,,False,0.3434,,,,,depth,0.0232,0.1267,edb57583c0b7e793,8429f595ac8caa0a,7071156bc8720ce6,,,
object,scene_0029,both,text_only,text_guess,tokens,1,False,,200,False,False,,True,False,False,,False,,False,0.3434,,,,,depth,0.0232,0.1267,edb57583c0b7e793,37aaea9a6155bbdc,3db493a7671d91d1,,,
object,scene_0029,both,text_only,text_guess,tokens,2,False,,200,False,False,,True,False,False,,False,,False,0.3434,,,,,depth,0.0221,0.1267,edb57583c0b7e793,ceee400042be762c,d1e4b8f37a2ae1f7,,,
object,scene_0033,both,text_only,text_guess,tokens,0,False,,200,False,False,,True,True,True,orange_juice_1,False,basket_2,True,0.0188,,,,,depth,0.0707,0.1272,d90cee800815002d,0a5f9d77d685cda3,3805a88624696cba,,,
object,scene_0033,both,text_only,text_guess,tokens,1,False,,200,False,False,,True,True,True,orange_juice_2,False,basket_1,False,0.0185,,,,,depth,0.0745,0.1069,d90cee800815002d,4576f52ab6d1d723,d9add1eae19c2a01,,,
object,scene_0033,both,text_only,text_guess,tokens,2,False,,200,False,False,,True,True,True,orange_juice_2,False,basket_2,True,0.022,,,,,depth,0.0745,0.1272,d90cee800815002d,40c0e3ea6ba39d5e,6b7b5e0950ee78d5,,,
goal,scene_0001,control,text_only,text_guess,tokens,0,False,,200,True,True,166,True,True,True,akita_black_bowl_1,True,,False,,,,,,depth,0.9116,0.9352,b1824863dc89cd32,0066a053b4c9963a,0dd427f12e352c4b,,,
goal,scene_0001,control,text_only,text_guess,tokens,1,False,,200,True,True,166,True,True,True,akita_black_bowl_1,True,,False,,,,,,depth,0.9116,0.9352,b1824863dc89cd32,08d54a741b43bef4,c628756987076d69,,,
goal,scene_0001,control,text_only,text_guess,tokens,2,False,,200,True,True,166,True,True,True,akita_black_bowl_1,True,,False,,,,,,depth,0.9116,0.9352,b1824863dc89cd32,240ae14cae34391e,e1945218252c341d,,,
goal,scene_0002,control,text_only,text_guess,tokens,0,False,,200,False,False,,False,False,False,,False,,False,,,,,,depth,0.9549,0.2425,138934b0a0e6e560,f01363c2b7d9eca7,a49f8879613761b4,,,
goal,scene_0002,control,text_only,text_guess,tokens,1,False,,200,False,False,,False,False,False,,False,,False,,,,,,depth,0.9549,0.2425,138934b0a0e6e560,65054ffcdd89bf0a,7faa192e596d3205,,,
goal,scene_0002,control,text_only,text_guess,tokens,2,False,,200,False,False,,False,False,False,,False,,False,,,,,,depth,0.9549,0.2425,138934b0a0e6e560,9593f1579fa9254d,42c53f053f0441b9,,,
goal,scene_0005,referential,text_only,text_guess,tokens,0,False,,200,False,False,,True,False,False,,False,,False,0.1432,,,,,depth,0.9752,0.9109,0d5a5137791b06c8,74382b27954bf87d,10819cbac0ef9636,,,
goal,scene_0005,referential,text_only,text_guess,tokens,1,False,,200,False,False,,True,True,True,akita_black_bowl_2,False,plate_1,True,0.0063,,,,,depth,0.9438,0.9109,0d5a5137791b06c8,2612f86697f03b16,ef25c1405e3024d8,,,
goal,scene_0005,referential,text_only,text_guess,tokens,2,False,,200,False,False,,True,False,False,,False,,False,0.1432,,,,,depth,0.9752,0.9109,0d5a5137791b06c8,c248ed50d99b7968,45e4f0f9afcb73bb,,,
goal,scene_0010,referential,text_only,text_guess,tokens,0,False,,200,False,False,,False,False,False,,False,,False,,,,,,depth,0.912,0.9044,fbb3e7946b7b4058,3039a75b02950f15,6751bcedfc02fd90,,,
goal,scene_0010,referential,text_only,text_guess,tokens,1,False,,200,False,False,,False,False,False,,False,,False,,,,,,depth,0.912,0.9044,fbb3e7946b7b4058,e9cad46b55aeca62,c44dd3d5b1bb01b4,,,
goal,scene_0010,referential,text_only,text_guess,tokens,2,False,,200,False,False,,False,False,False,,False,,False,,,,,,depth,0.9109,0.9044,fbb3e7946b7b4058,377bd0ce100d33d6,545411ab0769f4f7,,,
goal,scene_0013,referential,text_only,text_guess,tokens,0,False,,200,False,False,,False,False,False,,False,,False,,,,,,depth,0.9617,0.2633,bb1a5e9f3ed58759,45adeccf963ada79,5283dc2f6b8c311d,,,
goal,scene_0013,referential,text_only,text_guess,tokens,1,False,,200,False,False,,False,False,False,,False,,False,,,,,,depth,0.9685,0.2633,bb1a5e9f3ed58759,1d9b4373ec055355,4ff0690e87d8178d,,,
goal,scene_0013,referential,text_only,text_guess,tokens,2,False,,200,False,False,,False,False,False,,False,,False,,,,,,depth,0.9685,0.2633,bb1a5e9f3ed58759,200bbf1400d137cc,6766284cac633cd6,,,
goal,scene_0015,referential,text_only,text_guess,tokens,0,False,,200,False,False,,True,True,True,cream_cheese_2,False,akita_black_bowl_1,True,0.0022,,,,,depth,0.9218,0.9112,b7beb333add70255,ae31e5814d37444b,c87dd2f4b42f36d9,,,
goal,scene_0015,referential,text_only,text_guess,tokens,1,False,,200,False,False,,True,False,False,,False,,False,0.1363,,,,,depth,0.9223,0.9112,b7beb333add70255,c0814147e9e6c619,8eeabb7ce1ad8edb,,,
goal,scene_0015,referential,text_only,text_guess,tokens,2,False,,200,False,False,,True,True,True,cream_cheese_2,False,akita_black_bowl_1,True,0.003,,,,,depth,0.9218,0.9112,b7beb333add70255,9983c8b2d8f7ac82,7d5a086467ef5596,,,
goal,scene_0018,directional,text_only,text_guess,tokens,0,False,,200,False,False,,True,True,True,akita_black_bowl_1,True,plate_2,False,0.0246,,,,,depth,0.9116,0.9263,84d6631863c0a0bf,fae7ebcf45d27842,89bfc28b3b03ff8b,,,
goal,scene_0018,directional,text_only,text_guess,tokens,1,False,,200,False,False,,True,True,True,akita_black_bowl_1,True,plate_3,False,0.0078,,,,,depth,0.9116,0.9422,84d6631863c0a0bf,acc9aa7e474251ed,e19a988c8ae41fac,,,
goal,scene_0018,directional,text_only,text_guess,tokens,2,False,,200,True,True,166,True,True,True,akita_black_bowl_1,True,plate_1,True,0.0051,,,,,depth,0.9116,0.9108,84d6631863c0a0bf,dc145cc7ba831874,dd3cfc1a38110db2,,,
goal,scene_0019,directional,text_only,text_guess,tokens,0,False,,200,False,False,,True,True,True,akita_black_bowl_1,True,plate_2,False,0.0151,,,,,depth,0.9129,0.9426,92995d25f4429307,f9d640873a9e81bc,903f33322ea8e500,,,
goal,scene_0019,directional,text_only,text_guess,tokens,1,False,,200,True,True,166,True,True,True,akita_black_bowl_1,True,plate_3,True,0.0165,,,,,depth,0.9129,0.918,92995d25f4429307,a17e327a43e55286,df94eef34110215b,,,
goal,scene_0019,directional,text_only,text_guess,tokens,2,False,,200,False,False,,True,True,True,akita_black_bowl_1,True,plate_1,False,0.0129,,,,,depth,0.9129,0.9109,92995d25f4429307,a885dc5f0eb66f89,b9160aadc414f585,,,
goal,scene_0025,directional,text_only,text_guess,tokens,0,False,,200,False,False,,True,True,True,akita_black_bowl_1,True,plate_1,False,0.0051,,,,,depth,0.9168,0.9108,027f37f8891d24e6,a5bd6bba7f4db0a5,5c548b856eff628f,,,
goal,scene_0025,directional,text_only,text_guess,tokens,1,False,,200,True,True,167,True,True,True,akita_black_bowl_1,True,plate_2,True,0.0204,,,,,depth,0.9168,0.9288,027f37f8891d24e6,68614c923bc47a56,e5d11d6c6cc4c97a,,,
goal,scene_0025,directional,text_only,text_guess,tokens,2,False,,200,False,False,,True,True,True,akita_black_bowl_1,True,plate_3,False,0.0302,,,,,depth,0.9168,0.9193,027f37f8891d24e6,b52f22194fb8fe3c,67bf00fdc58b548a,,,
goal,scene_0026,both,text_only,text_guess,tokens,0,False,,200,False,False,,True,True,True,akita_black_bowl_1,True,plate_1,False,0.0107,,,,,depth,0.9116,0.911,5ffa2d92d0ac4eda,30011a585176d429,c54dc1e43dee6783,,,
goal,scene_0026,both,text_only,text_guess,tokens,1,False,,200,False,False,,True,True,True,akita_black_bowl_1,True,plate_1,False,0.0107,,,,,depth,0.9116,0.911,5ffa2d92d0ac4eda,c7d1738db9e54b17,463ea12b3991257c,,,
goal,scene_0026,both,text_only,text_guess,tokens,2,False,,200,False,False,,True,False,False,,False,,False,0.1423,,,,,depth,0.9682,0.911,5ffa2d92d0ac4eda,51372a0522e1225a,ba958f65d2fbb476,,,
goal,scene_0033,both,text_only,text_guess,tokens,0,False,,200,False,False,,True,False,False,,False,,False,0.1519,,,,,depth,0.9223,1.0179,279ab1a55a89305e,9124af398ebe43a9,dc7e74d2e1a29bb8,,,
goal,scene_0033,both,text_only,text_guess,tokens,1,False,,200,False,False,,True,False,False,,False,,False,0.1519,,,,,depth,0.9223,1.0179,279ab1a55a89305e,87acd8abb13965b1,00e6d5788bf6978f,,,
goal,scene_0033,both,text_only,text_guess,tokens,2,False,,200,False,False,,True,False,False,,False,,False,0.1519,,,,,depth,0.9223,1.0179,279ab1a55a89305e,e4ca40d42b6e8988,76b2e86a7bd84305,,,
goal,scene_0034,both,text_only,text_guess,tokens,0,False,,200,False,False,,True,True,True,akita_black_bowl_3,False,plate_1,True,0.0142,,,,,depth,0.9105,0.9109,f5a16e4edc475053,4dfca407db76c966,5a3f938448556a48,,,
goal,scene_0034,both,text_only,text_guess,tokens,1,False,,200,False,False,,True,True,True,akita_black_bowl_2,False,plate_2,False,0.0344,,,,,depth,0.9438,0.9305,f5a16e4edc475053,93efd429a9d9eff7,0d9b420b235b6444,,,
goal,scene_0034,both,text_only,text_guess,tokens,2,False,,200,False,False,,True,True,True,akita_black_bowl_3,False,plate_2,False,0.0221,,,,,depth,0.9105,0.9305,f5a16e4edc475053,50554f66983a519b,504e68a57c77f880,,,
