suite,dir,tier,condition,policy,sketch_route,rollout_idx,skipped,skip_reason,n_steps,success_final,success_sustained,first_success_step,grasp_success_flag,grasped_any,lifted,grasped_instance,correct_instance_grasped,nearest_destination,correct_destination,terminal_dist_xy,sketch_referent_object,sketch_referent_destination,sketch_fidelity_object,sketch_fidelity_destination,deproject,z_pick,z_place
spatial,scene_0000,control,auto,oracle,tokens,0,False,,200,True,True,166,True,True,True,akita_black_bowl_1,True,plate_1,True,0.0242,akita_black_bowl_1,plate_1,True,True,plane,0.92,0.92
spatial,scene_0001,control,auto,oracle,tokens,0,False,,200,True,True,166,True,True,True,akita_black_bowl_1,True,plate_1,True,0.0098,akita_black_bowl_1,plate_1,True,True,plane,0.92,0.92
spatial,scene_0002,control,auto,oracle,tokens,0,False,,200,False,False,,True,True,True,akita_black_bowl_1,True,plate_1,True,0.031,akita_black_bowl_1,plate_1,True,True,plane,0.92,0.92
spatial,scene_0003,control,auto,oracle,tokens,0,False,,200,True,True,165,True,True,True,akita_black_bowl_1,True,plate_1,True,0.0238,akita_black_bowl_1,plate_1,True,True,plane,0.92,0.92
spatial,scene_0004,control,auto,oracle,tokens,0,False,,200,True,True,165,True,True,True,akita_black_bowl_1,True,plate_1,True,0.0255,akita_black_bowl_1,plate_1,True,True,plane,0.92,0.92
spatial,scene_0005,referential,auto,oracle,tokens,0,False,,200,True,True,166,True,True,True,akita_black_bowl_2,True,plate_1,True,0.0252,akita_black_bowl_2,plate_1,True,True,plane,0.92,0.92
spatial,scene_0006,referential,auto,oracle,tokens,0,False,,200,True,True,166,True,True,True,akita_black_bowl_1,True,plate_1,True,0.0117,akita_black_bowl_1,plate_1,True,True,plane,0.92,0.92
spatial,scene_0007,referential,auto,oracle,tokens,0,False,,200,False,False,,True,False,False,,False,,False,0.3627,akita_black_bowl_1,plate_1,,,plane,0.92,0.92
spatial,scene_0008,referential,auto,oracle,tokens,0,False,,200,True,True,166,True,True,True,akita_black_bowl_2,True,plate_1,True,0.0262,akita_black_bowl_2,plate_1,True,True,plane,0.92,0.92
spatial,scene_0009,referential,auto,oracle,tokens,0,False,,200,False,False,,True,True,True,akita_black_bowl_2,True,plate_1,True,0.0331,akita_black_bowl_2,plate_1,True,True,plane,0.92,0.92
spatial,scene_0010,referential,auto,oracle,tokens,0,False,,200,True,True,166,True,True,True,akita_black_bowl_3,True,plate_1,True,0.0089,akita_black_bowl_3,plate_1,True,True,plane,0.92,0.92
spatial,scene_0011,referential,auto,oracle,tokens,0,False,,200,True,True,149,True,True,True,akita_black_bowl_3,True,plate_1,True,0.0184,akita_black_bowl_3,plate_1,True,True,plane,0.92,0.92
spatial,scene_0012,referential,auto,oracle,tokens,0,False,,200,True,True,166,True,True,True,akita_black_bowl_4,True,plate_1,True,0.0132,akita_black_bowl_4,plate_1,True,True,plane,0.92,0.92
spatial,scene_0013,referential,auto,oracle,tokens,0,False,,200,True,True,166,True,True,True,akita_black_bowl_2,True,plate_1,True,0.0183,akita_black_bowl_2,plate_1,True,True,plane,0.92,0.92
spatial,scene_0014,referential,auto,oracle,tokens,0,False,,200,False,False,,True,True,True,akita_black_bowl_5,True,plate_1,True,0.03,akita_black_bowl_5,plate_1,True,True,plane,0.92,0.92
spatial,scene_0015,referential,auto,oracle,tokens,0,False,,200,True,True,166,True,True,True,akita_black_bowl_2,True,plate_1,True,0.0091,akita_black_bowl_2,plate_1,True,True,plane,0.92,0.92
spatial,scene_0016,referential,auto,oracle,tokens,0,False,,200,False,False,,True,False,False,,False,,False,0.2359,akita_black_bowl_2,plate_1,,,plane,0.92,0.92
spatial,scene_0017,directional,auto,oracle,tokens,0,False,,200,True,True,165,True,True,True,akita_black_bowl_1,True,plate_1,True,0.0131,akita_black_bowl_1,plate_1,True,True,plane,0.92,0.92
spatial,scene_0018,directional,auto,oracle,tokens,0,False,,200,False,False,,True,True,True,akita_black_bowl_1,True,plate_1,True,0.028,akita_black_bowl_1,plate_1,True,True,plane,0.92,0.92
spatial,scene_0019,directional,auto,oracle,tokens,0,False,,200,True,True,166,True,True,True,akita_black_bowl_1,True,plate_2,True,0.0132,akita_black_bowl_1,plate_2,True,True,plane,0.92,0.92
spatial,scene_0020,directional,auto,oracle,tokens,0,False,,200,True,True,159,True,True,True,akita_black_bowl_1,True,plate_3,True,0.0138,akita_black_bowl_1,plate_3,True,True,plane,0.92,0.92
spatial,scene_0021,directional,auto,oracle,tokens,0,False,,200,True,True,166,True,True,True,akita_black_bowl_1,True,plate_1,True,0.0025,akita_black_bowl_1,plate_1,True,True,plane,0.92,0.92
spatial,scene_0022,directional,auto,oracle,tokens,0,False,,200,True,True,166,True,True,True,akita_black_bowl_1,True,plate_3,True,0.0059,akita_black_bowl_1,plate_3,True,True,plane,0.92,0.92
spatial,scene_0023,directional,auto,oracle,tokens,0,False,,200,True,True,170,True,True,True,akita_black_bowl_1,True,plate_1,True,0.0173,akita_black_bowl_1,plate_1,True,True,plane,0.92,0.92
spatial,scene_0024,directional,auto,oracle,tokens,0,False,,200,True,True,165,True,True,True,akita_black_bowl_1,True,plate_3,True,0.0204,akita_black_bowl_1,plate_3,True,True,plane,0.92,0.92
spatial,scene_0025,directional,auto,oracle,tokens,0,False,,200,True,True,165,True,True,True,akita_black_bowl_1,True,plate_3,True,0.0207,akita_black_bowl_1,plate_3,True,True,plane,0.92,0.92
spatial,scene_0026,both,auto,oracle,tokens,0,False,,200,True,True,166,True,True,True,akita_black_bowl_1,True,plate_1,True,0.0135,akita_black_bowl_1,plate_1,True,True,plane,0.92,0.92
spatial,scene_0027,both,auto,oracle,tokens,0,False,,200,False,False,,True,False,False,,False,,False,0.1464,akita_black_bowl_3,plate_2,,,plane,0.92,0.92
spatial,scene_0028,both,auto,oracle,tokens,0,False,,200,True,True,166,True,True,True,akita_black_bowl_1,True,plate_1,True,0.0196,akita_black_bowl_1,plate_1,True,True,plane,0.92,0.92
spatial,scene_0029,both,auto,oracle,tokens,0,False,,200,False,False,,True,False,False,,False,,False,0.2359,akita_black_bowl_3,plate_2,,,plane,0.92,0.92
spatial,scene_0030,both,auto,oracle,tokens,0,False,,200,True,True,166,True,True,True,akita_black_bowl_2,True,plate_1,True,0.009,akita_black_bowl_2,plate_1,True,True,plane,0.92,0.92
spatial,scene_0031,both,auto,oracle,tokens,0,False,,200,True,True,158,True,True,True,akita_black_bowl_1,True,plate_2,True,0.009,akita_black_bowl_1,plate_2,True,True,plane,0.92,0.92
spatial,scene_0032,both,auto,oracle,tokens,0,False,,200,False,False,,True,True,True,akita_black_bowl_1,True,plate_1,True,0.0718,akita_black_bowl_1,plate_1,True,True,plane,0.92,0.92
spatial,scene_0033,both,auto,oracle,tokens,0,False,,200,True,True,163,True,True,True,akita_black_bowl_3,True,plate_3,True,0.0145,akita_black_bowl_3,plate_3,True,True,plane,0.92,0.92
spatial,scene_0034,both,auto,oracle,tokens,0,False,,200,True,True,166,True,True,True,akita_black_bowl_1,True,plate_1,True,0.0228,akita_black_bowl_1,plate_1,True,True,plane,0.92,0.92
spatial,scene_0035,both,auto,oracle,tokens,0,False,,200,False,False,,True,True,True,akita_black_bowl_4,True,plate_2,True,0.0322,akita_black_bowl_4,plate_2,True,True,plane,0.92,0.92
spatial,scene_0036,both,auto,oracle,tokens,0,False,,200,False,False,,True,False,False,,False,,False,0.104,akita_black_bowl_4,plate_2,,,plane,0.92,0.92
spatial,scene_0037,both,auto,oracle,tokens,0,False,,200,True,True,166,True,True,True,akita_black_bowl_5,True,plate_1,True,0.0114,akita_black_bowl_5,plate_1,True,True,plane,0.92,0.92
object,scene_0000,control,auto,oracle,tokens,0,False,,200,False,False,,True,False,False,,False,,False,0.3036,milk_1,basket_1,,,plane,0.065,0.065
object,scene_0001,control,auto,oracle,tokens,0,False,,200,True,True,150,True,True,True,alphabet_soup_1,True,basket_1,True,0.0056,alphabet_soup_1,basket_1,True,True,plane,0.065,0.065
object,scene_0002,control,auto,oracle,tokens,0,False,,200,False,False,,True,False,False,,False,,False,0.3591,tomato_sauce_1,basket_1,,,plane,0.065,0.065
object,scene_0003,control,auto,oracle,tokens,0,False,,200,True,True,146,True,True,True,orange_juice_1,True,basket_1,True,0.0139,orange_juice_1,basket_1,True,True,plane,0.065,0.065
object,scene_0004,control,auto,oracle,tokens,0,False,,200,False,False,,True,True,True,ketchup_1,True,,False,0.1182,ketchup_1,basket_1,True,,plane,0.065,0.065
object,scene_0005,referential,auto,oracle,tokens,0,False,,200,False,False,,True,False,False,,False,,False,0.4392,bbq_sauce_1,basket_1,,,plane,0.065,0.065
object,scene_0006,referential,auto,oracle,tokens,0,False,,200,False,False,,True,False,False,,False,,False,0.4465,salad_dressing_1,basket_1,,,plane,0.065,0.065
object,scene_0007,referential,auto,oracle,tokens,0,False,,200,False,False,,True,False,False,,False,,False,0.5179,chocolate_pudding_2,basket_1,,,plane,0.065,0.065
object,scene_0008,referential,auto,oracle,tokens,0,False,,200,False,False,,True,False,False,,False,,False,0.2731,cream_cheese_3,basket_1,,,plane,0.065,0.065
object,scene_0009,referential,auto,oracle,tokens,0,False,,200,False,False,,True,False,False,,False,,False,0.4102,butter_2,basket_1,,,plane,0.065,0.065
object,scene_0010,referential,auto,oracle,tokens,0,False,,200,False,False,,True,False,False,,False,,False,0.5555,milk_2,basket_1,,,plane,0.065,0.065
object,scene_0011,referential,auto,oracle,tokens,0,False,,200,False,False,,True,False,False,,False,,False,0.4614,butter_1,basket_1,,,plane,0.065,0.065
object,scene_0012,referential,auto,oracle,tokens,0,False,,200,False,False,,True,False,False,,False,,False,0.3068,alphabet_soup_3,basket_1,,,plane,0.065,0.065
object,scene_0013,referential,auto,oracle,tokens,0,False,,200,False,False,,True,False,False,,False,,False,0.234,tomato_sauce_2,basket_1,,,plane,0.065,0.065
object,scene_0014,referential,auto,oracle,tokens,0,False,,200,False,False,,True,False,False,,False,,False,0.3825,bbq_sauce_1,basket_1,,,plane,0.065,0.065
object,scene_0015,referential,auto,oracle,tokens,0,False,,200,False,False,,True,False,False,,False,,False,0.385,chocolate_pudding_4,basket_1,,,plane,0.065,0.065
object,scene_0016,referential,auto,oracle,tokens,0,False,,200,False,False,,True,False,False,,False,,False,0.2007,cream_cheese_2,basket_1,,,plane,0.065,0.065
object,scene_0017,directional,auto,oracle,tokens,0,False,,200,False,False,,True,False,False,,False,,False,0.3487,chocolate_pudding_1,basket_2,,,plane,0.065,0.065
object,scene_0018,directional,auto,oracle,tokens,0,False,,200,False,False,,True,False,False,,False,,False,0.3894,cream_cheese_1,basket_1,,,plane,0.065,0.065
object,scene_0019,directional,auto,oracle,tokens,0,False,,200,False,False,,True,False,False,,False,,False,0.4164,butter_1,basket_1,,,plane,0.065,0.065
object,scene_0020,directional,auto,oracle,tokens,0,False,,200,True,True,144,True,True,True,milk_1,True,basket_1,True,0.0275,milk_1,basket_1,True,True,plane,0.065,0.065
object,scene_0021,directional,auto,oracle,tokens,0,False,,200,False,False,,True,False,False,,False,,False,0.2422,alphabet_soup_1,basket_2,,,plane,0.065,0.065
object,scene_0022,directional,auto,oracle,tokens,0,False,,200,False,False,,True,False,False,,False,,False,0.3497,tomato_sauce_1,basket_1,,,plane,0.065,0.065
object,scene_0023,directional,auto,oracle,tokens,0,False,,200,False,False,,True,False,False,,False,,False,0.1991,orange_juice_1,basket_1,,,plane,0.065,0.065
object,scene_0024,directional,auto,oracle,tokens,0,False,,200,False,False,,True,True,True,ketchup_1,True,,False,0.1616,ketchup_1,basket_1,True,,plane,0.065,0.065
object,scene_0025,directional,auto,oracle,tokens,0,False,,200,False,False,,True,False,False,,False,,False,0.2556,bbq_sauce_1,basket_1,,,plane,0.065,0.065
object,scene_0026,both,auto,oracle,tokens,0,False,,200,False,False,,True,False,False,,False,,False,0.2768,salad_dressing_2,basket_1,,,plane,0.065,0.065
object,scene_0027,both,auto,oracle,tokens,0,False,,200,False,False,,True,False,False,,False,,False,0.2253,chocolate_pudding_1,basket_2,,,plane,0.065,0.065
object,scene_0028,both,auto,oracle,tokens,0,False,,200,False,False,,True,False,False,,False,,False,0.3678,cream_cheese_1,basket_2,,,plane,0.065,0.065
object,scene_0029,both,auto,oracle,tokens,0,False,,200,False,False,,True,False,False,,False,,False,0.3434,butter_2,basket_1,,,plane,0.065,0.065
object,scene_0030,both,auto,oracle,tokens,0,False,,200,False,False,,True,False,False,,False,,False,0.2661,alphabet_soup_4,basket_1,,,plane,0.065,0.065
object,scene_0031,both,auto,oracle,tokens,0,False,,200,False,False,,True,False,False,,False,,False,0.2444,tomato_sauce_4,basket_1,,,plane,0.065,0.065
object,scene_0032,both,auto,oracle,tokens,0,False,,200,False,False,,True,False,False,,False,,False,0.3737,tomato_sauce_3,basket_1,,,plane,0.065,0.065
object,scene_0033,both,auto,oracle,tokens,0,False,,200,False,False,,True,False,False,,False,,False,0.4871,orange_juice_3,basket_2,,,plane,0.065,0.065
object,scene_0034,both,auto,oracle,tokens,0,False,,200,False,False,,True,True,True,ketchup_2,True,,False,0.1438,ketchup_2,basket_3,True,,plane,0.065,0.065
object,scene_0035,both,auto,oracle,tokens,0,False,,200,False,False,,True,False,False,,False,,False,0.3166,butter_3,basket_3,,,plane,0.065,0.065
object,scene_0036,both,auto,oracle,tokens,0,False,,200,False,False,,True,False,False,,False,,False,0.3559,alphabet_soup_2,basket_3,,,plane,0.065,0.065
object,scene_0037,both,auto,oracle,tokens,0,False,,200,False,False,,True,False,False,,False,,False,0.312,tomato_sauce_2,basket_2,,,plane,0.065,0.065
goal,scene_0000,control,auto,oracle,tokens,0,False,,200,True,True,166,True,True,True,akita_black_bowl_1,True,plate_1,True,0.0134,akita_black_bowl_1,plate_1,True,True,plane,0.92,0.92
goal,scene_0001,control,auto,oracle,tokens,0,False,,200,True,True,159,True,True,True,akita_black_bowl_1,True,,False,,akita_black_bowl_1,akita_black_bowl_1,True,,plane,0.92,0.92
goal,scene_0002,control,auto,oracle,tokens,0,False,,200,False,False,,False,False,False,,False,,False,,wine_bottle_1,wine_bottle_1,,,plane,0.92,0.92
goal,scene_0003,control,auto,oracle,tokens,0,False,,200,False,False,,False,False,False,,False,,False,,plate_1,plate_1,,,plane,0.92,0.92
goal,scene_0004,control,auto,oracle,tokens,0,False,,200,False,False,,True,False,False,,False,,False,0.1355,cream_cheese_1,akita_black_bowl_1,,,plane,0.92,0.92
goal,scene_0005,referential,auto,oracle,tokens,0,False,,200,True,True,168,True,True,True,akita_black_bowl_1,True,plate_1,True,0.0171,akita_black_bowl_1,plate_1,True,True,plane,0.92,0.92
goal,scene_0006,referential,auto,oracle,tokens,0,False,,200,True,True,176,True,True,True,akita_black_bowl_1,True,,False,,akita_black_bowl_1,akita_black_bowl_4,True,,plane,0.92,0.92
goal,scene_0007,referential,auto,oracle,tokens,0,False,,200,False,False,,True,True,True,akita_black_bowl_1,True,,False,,akita_black_bowl_1,akita_black_bowl_1,True,,plane,0.92,0.92
goal,scene_0008,referential,auto,oracle,tokens,0,False,,200,False,False,,False,False,False,,False,,False,,wine_bottle_1,wine_bottle_1,,,plane,0.92,0.92
goal,scene_0009,referential,auto,oracle,tokens,0,False,,200,False,False,,False,False,False,,False,,False,,wine_bottle_1,wine_bottle_1,,,plane,0.92,0.92
goal,scene_0010,referential,auto,oracle,tokens,0,False,,200,False,False,,False,False,False,,False,,False,,plate_1,plate_1,,,plane,0.92,0.92
goal,scene_0011,referential,auto,oracle,tokens,0,False,,200,False,False,,True,False,False,,False,,False,0.1459,cream_cheese_1,akita_black_bowl_1,,,plane,0.92,0.92
goal,scene_0012,referential,auto,oracle,tokens,0,False,,200,True,True,166,True,True,True,akita_black_bowl_1,True,plate_1,True,0.0168,akita_black_bowl_1,plate_1,True,True,plane,0.92,0.92
goal,scene_0013,referential,auto,oracle,tokens,0,False,,200,False,False,,False,False,False,,False,,False,,wine_bottle_1,wine_bottle_1,,,plane,0.92,0.92
goal,scene_0014,referential,auto,oracle,tokens,0,False,,200,True,True,184,True,True,True,akita_black_bowl_1,True,,False,,akita_black_bowl_1,akita_black_bowl_2,True,,plane,0.92,0.92
goal,scene_0015,referential,auto,oracle,tokens,0,False,,200,False,False,,True,False,False,,False,,False,0.1367,cream_cheese_1,akita_black_bowl_1,,,plane,0.92,0.92
goal,scene_0016,referential,auto,oracle,tokens,0,False,,200,False,False,,True,True,True,akita_black_bowl_1,True,,False,,akita_black_bowl_1,akita_black_bowl_2,True,,plane,0.92,0.92
goal,scene_0017,directional,auto,oracle,tokens,0,False,,200,False,False,,True,True,True,akita_black_bowl_1,True,plate_2,True,0.0374,akita_black_bowl_1,plate_2,True,True,plane,0.92,0.92
goal,scene_0018,directional,auto,oracle,tokens,0,False,,200,False,False,,True,False,False,,False,,False,0.1511,akita_black_bowl_1,plate_1,,,plane,0.92,0.92
goal,scene_0019,directional,auto,oracle,tokens,0,False,,200,False,False,,True,True,True,akita_black_bowl_1,True,,False,0.1125,akita_black_bowl_1,plate_3,True,,plane,0.92,0.92
goal,scene_0020,directional,auto,oracle,tokens,0,False,,200,False,False,,True,False,False,,False,,False,0.1326,cream_cheese_1,akita_black_bowl_2,,,plane,0.92,0.92
goal,scene_0021,directional,auto,oracle,tokens,0,False,,200,False,False,,True,False,False,,False,,False,0.107,cream_cheese_1,akita_black_bowl_1,,,plane,0.92,0.92
goal,scene_0022,directional,auto,oracle,tokens,0,False,,200,False,False,,True,False,False,,False,,False,0.1429,cream_cheese_1,akita_black_bowl_3,,,plane,0.92,0.92
goal,scene_0023,directional,auto,oracle,tokens,0,False,,200,True,True,166,True,True,True,akita_black_bowl_1,True,plate_2,True,0.0175,akita_black_bowl_1,plate_2,True,True,plane,0.92,0.92
goal,scene_0024,directional,auto,oracle,tokens,0,False,,200,False,False,,True,False,False,,False,,False,0.1251,cream_cheese_1,akita_black_bowl_2,,,plane,0.92,0.92
goal,scene_0025,directional,auto,oracle,tokens,0,False,,200,True,True,169,True,True,True,akita_black_bowl_1,True,plate_2,True,0.0133,akita_black_bowl_1,plate_2,True,True,plane,0.92,0.92
goal,scene_0026,both,auto,oracle,tokens,0,False,,200,True,True,154,True,True,True,akita_black_bowl_1,True,plate_2,True,0.0185,akita_black_bowl_1,plate_2,True,True,plane,0.92,0.92
goal,scene_0027,both,auto,oracle,tokens,0,False,,200,False,True,160,True,True,True,akita_black_bowl_1,True,plate_2,True,0.0275,akita_black_bowl_1,plate_2,True,True,plane,0.92,0.92
goal,scene_0028,both,auto,oracle,tokens,0,False,,200,True,True,166,True,True,True,akita_black_bowl_1,True,plate_2,True,0.0156,akita_black_bowl_1,plate_2,True,True,plane,0.92,0.92
goal,scene_0029,both,auto,oracle,tokens,0,False,,200,False,False,,True,False,False,,False,,False,0.1351,cream_cheese_1,akita_black_bowl_1,,,plane,0.92,0.92
goal,scene_0030,both,auto,oracle,tokens,0,False,,200,False,False,,True,True,True,akita_black_bowl_2,False,akita_black_bowl_2,True,0.0,cream_cheese_1,akita_black_bowl_2,False,True,plane,0.92,0.92
goal,scene_0031,both,auto,oracle,tokens,0,False,,200,False,False,,True,True,True,akita_black_bowl_3,False,akita_black_bowl_3,True,0.0,cream_cheese_1,akita_black_bowl_3,False,True,plane,0.92,0.92
goal,scene_0032,both,auto,oracle,tokens,0,False,,200,False,False,,True,True,True,akita_black_bowl_1,True,plate_1,True,0.0651,akita_black_bowl_1,plate_1,True,True,plane,0.92,0.92
goal,scene_0033,both,auto,oracle,tokens,0,False,,200,False,False,,True,True,True,akita_black_bowl_2,False,akita_black_bowl_2,True,0.0,cream_cheese_1,akita_black_bowl_2,False,True,plane,0.92,0.92
goal,scene_0034,both,auto,oracle,tokens,0,False,,200,True,True,166,True,True,True,akita_black_bowl_1,True,plate_1,True,0.0176,akita_black_bowl_1,plate_1,True,True,plane,0.92,0.92
goal,scene_0035,both,auto,oracle,tokens,0,False,,200,False,False,,True,False,False,,False,,False,0.1311,cream_cheese_1,akita_black_bowl_2,,,plane,0.92,0.92
goal,scene_0036,both,auto,oracle,tokens,0,False,,200,True,True,166,True,True,True,akita_black_bowl_1,True,plate_2,True,0.012,akita_black_bowl_1,plate_2,True,True,plane,0.92,0.92
goal,scene_0037,both,auto,oracle,tokens,0,False,,200,False,False,,True,False,False,,False,,False,0.131,cream_cheese_1,akita_black_bowl_1,,,plane,0.92,0.92
spatial,scene_0000,control,text_only,text_guess,tokens,0,False,,200,True,True,166,True,True,True,akita_black_bowl_1,True,plate_1,True,0.0118,,,,,plane,0.92,0.92
spatial,scene_0000,control,text_only,text_guess,tokens,1,False,,200,True,True,166,True,True,True,akita_black_bowl_1,True,plate_1,True,0.0119,,,,,plane,0.92,0.92
spatial,scene_0000,control,text_only,text_guess,tokens,2,False,,200,True,True,166,True,True,True,akita_black_bowl_1,True,plate_1,True,0.0119,,,,,plane,0.92,0.92
spatial,scene_0001,control,text_only,text_guess,tokens,0,False,,200,True,True,166,True,True,True,akita_black_bowl_1,True,plate_1,True,0.0129,,,,,plane,0.92,0.92
spatial,scene_0001,control,text_only,text_guess,tokens,1,False,,200,True,True,166,True,True,True,akita_black_bowl_1,True,plate_1,True,0.0129,,,,,plane,0.92,0.92
spatial,scene_0001,control,text_only,text_guess,tokens,2,False,,200,True,True,166,True,True,True,akita_black_bowl_1,True,plate_1,True,0.013,,,,,plane,0.92,0.92
spatial,scene_0002,control,text_only,text_guess,tokens,0,False,,200,True,True,170,True,True,True,akita_black_bowl_1,True,plate_1,True,0.0191,,,,,plane,0.92,0.92
spatial,scene_0002,control,text_only,text_guess,tokens,1,False,,200,True,True,170,True,True,True,akita_black_bowl_1,True,plate_1,True,0.0195,,,,,plane,0.92,0.92
spatial,scene_0002,control,text_only,text_guess,tokens,2,False,,200,True,True,170,True,True,True,akita_black_bowl_1,True,plate_1,True,0.0195,,,,,plane,0.92,0.92
spatial,scene_0003,control,text_only,text_guess,tokens,0,False,,200,False,False,,True,True,True,akita_black_bowl_1,True,,False,0.0873,,,,,plane,0.92,0.92
spatial,scene_0003,control,text_only,text_guess,tokens,1,False,,200,False,False,,True,True,True,akita_black_bowl_1,True,,False,0.0872,,,,,plane,0.92,0.92
spatial,scene_0003,control,text_only,text_guess,tokens,2,False,,200,False,False,,True,True,True,akita_black_bowl_1,True,,False,0.0873,,,,,plane,0.92,0.92
spatial,scene_0004,control,text_only,text_guess,tokens,0,False,,200,True,True,165,True,True,True,akita_black_bowl_1,True,plate_1,True,0.0071,,,,,plane,0.92,0.92
spatial,scene_0004,control,text_only,text_guess,tokens,1,False,,200,True,True,165,True,True,True,akita_black_bowl_1,True,plate_1,True,0.0066,,,,,plane,0.92,0.92
spatial,scene_0004,control,text_only,text_guess,tokens,2,False,,200,True,True,165,True,True,True,akita_black_bowl_1,True,plate_1,True,0.007,,,,,plane,0.92,0.92
spatial,scene_0005,referential,text_only,text_guess,tokens,0,False,,200,False,False,,True,True,True,akita_black_bowl_1,False,,False,0.1203,,,,,plane,0.92,0.92
spatial,scene_0005,referential,text_only,text_guess,tokens,1,False,,200,False,False,,True,True,True,akita_black_bowl_1,False,,False,0.1203,,,,,plane,0.92,0.92
spatial,scene_0005,referential,text_only,text_guess,tokens,2,False,,200,True,True,166,True,True,True,akita_black_bowl_2,True,plate_1,True,0.0161,,,,,plane,0.92,0.92
spatial,scene_0006,referential,text_only,text_guess,tokens,0,False,,200,False,False,,True,True,True,akita_black_bowl_2,False,plate_1,True,0.024,,,,,plane,0.92,0.92
spatial,scene_0006,referential,text_only,text_guess,tokens,1,False,,200,False,False,,True,True,True,akita_black_bowl_2,False,plate_1,True,0.0241,,,,,plane,0.92,0.92
spatial,scene_0006,referential,text_only,text_guess,tokens,2,False,,200,False,False,,True,True,True,akita_black_bowl_2,False,plate_1,True,0.0239,,,,,plane,0.92,0.92
spatial,scene_0007,referential,text_only,text_guess,tokens,0,False,,200,False,False,,True,True,True,akita_black_bowl_1,True,,False,0.2627,,,,,plane,0.92,0.92
spatial,scene_0007,referential,text_only,text_guess,tokens,1,False,,200,False,False,,True,True,True,akita_black_bowl_2,False,plate_1,True,0.029,,,,,plane,0.92,0.92
spatial,scene_0007,referential,text_only,text_guess,tokens,2,False,,200,False,False,,True,True,True,akita_black_bowl_1,True,,False,0.2915,,,,,plane,0.92,0.92
spatial,scene_0008,referential,text_only,text_guess,tokens,0,False,,200,True,True,170,True,True,True,akita_black_bowl_2,True,plate_1,True,0.0195,,,,,plane,0.92,0.92
spatial,scene_0008,referential,text_only,text_guess,tokens,1,False,,200,False,False,,True,True,True,akita_black_bowl_1,False,plate_1,True,0.0135,,,,,plane,0.92,0.92
spatial,scene_0008,referential,text_only,text_guess,tokens,2,False,,200,True,True,170,True,True,True,akita_black_bowl_2,True,plate_1,True,0.0192,,,,,plane,0.92,0.92
spatial,scene_0009,referential,text_only,text_guess,tokens,0,False,,200,False,False,,True,True,True,akita_black_bowl_3,False,plate_1,True,0.0129,,,,,plane,0.92,0.92
spatial,scene_0009,referential,text_only,text_guess,tokens,1,False,,200,False,False,,True,True,True,akita_black_bowl_3,False,plate_1,True,0.0127,,,,,plane,0.92,0.92
spatial,scene_0009,referential,text_only,text_guess,tokens,2,False,,200,True,True,166,True,True,True,akita_black_bowl_2,True,plate_1,True,0.017,,,,,plane,0.92,0.92
spatial,scene_0010,referential,text_only,text_guess,tokens,0,False,,200,False,False,,True,True,True,akita_black_bowl_1,False,plate_1,True,0.0112,,,,,plane,0.92,0.92
spatial,scene_0010,referential,text_only,text_guess,tokens,1,False,,200,True,True,166,True,True,True,akita_black_bowl_3,True,plate_1,True,0.0133,,,,,plane,0.92,0.92
spatial,scene_0010,referential,text_only,text_guess,tokens,2,False,,200,True,True,166,True,True,True,akita_black_bowl_3,True,plate_1,True,0.0134,,,,,plane,0.92,0.92
spatial,scene_0011,referential,text_only,text_guess,tokens,0,False,,200,False,False,,True,True,True,akita_black_bowl_3,True,plate_1,True,0.0323,,,,,plane,0.92,0.92
spatial,scene_0011,referential,text_only,text_guess,tokens,1,False,,200,False,False,,True,True,True,akita_black_bowl_3,True,plate_1,True,0.0321,,,,,plane,0.92,0.92
spatial,scene_0011,referential,text_only,text_guess,tokens,2,False,,200,False,False,,True,True,True,akita_black_bowl_4,False,plate_1,True,0.0295,,,,,plane,0.92,0.92
spatial,scene_0012,referential,text_only,text_guess,tokens,0,False,,200,False,False,,True,True,True,akita_black_bowl_3,False,plate_1,True,0.0144,,,,,plane,0.92,0.92
spatial,scene_0012,referential,text_only,text_guess,tokens,1,False,,200,False,False,,True,True,True,akita_black_bowl_2,False,plate_1,True,0.0165,,,,,plane,0.92,0.92
spatial,scene_0012,referential,text_only,text_guess,tokens,2,False,,200,False,False,,True,True,True,akita_black_bowl_2,False,plate_1,True,0.0173,,,,,plane,0.92,0.92
spatial,scene_0013,referential,text_only,text_guess,tokens,0,False,,200,False,False,,True,True,True,akita_black_bowl_3,False,,False,0.084,,,,,plane,0.92,0.92
spatial,scene_0013,referential,text_only,text_guess,tokens,1,False,,200,True,True,166,True,True,True,akita_black_bowl_2,True,plate_1,True,0.0103,,,,,plane,0.92,0.92
spatial,scene_0013,referential,text_only,text_guess,tokens,2,False,,200,False,False,,True,True,True,akita_black_bowl_3,False,,False,0.0832,,,,,plane,0.92,0.92
spatial,scene_0014,referential,text_only,text_guess,tokens,0,False,,200,False,False,,True,True,True,akita_black_bowl_1,False,plate_1,True,0.0177,,,,,plane,0.92,0.92
spatial,scene_0014,referential,text_only,text_guess,tokens,1,False,,200,False,False,,True,False,False,,False,,False,0.313,,,,,plane,0.92,0.92
spatial,scene_0014,referential,text_only,text_guess,tokens,2,False,,200,False,False,,True,False,False,,False,,False,0.313,,,,,plane,0.92,0.92
spatial,scene_0015,referential,text_only,text_guess,tokens,0,False,,200,False,False,,True,True,True,akita_black_bowl_5,False,plate_1,True,0.0116,,,,,plane,0.92,0.92
spatial,scene_0015,referential,text_only,text_guess,tokens,1,False,,200,False,False,,True,True,True,akita_black_bowl_1,False,plate_1,True,0.014,,,,,plane,0.92,0.92
spatial,scene_0015,referential,text_only,text_guess,tokens,2,False,,200,False,False,,True,True,True,akita_black_bowl_4,False,,False,0.2632,,,,,plane,0.92,0.92
spatial,scene_0016,referential,text_only,text_guess,tokens,0,False,,200,False,False,,True,True,True,akita_black_bowl_1,False,,False,0.0981,,,,,plane,0.92,0.92
spatial,scene_0016,referential,text_only,text_guess,tokens,1,False,,200,False,False,,True,True,True,akita_black_bowl_5,False,plate_1,True,0.0131,,,,,plane,0.92,0.92
spatial,scene_0016,referential,text_only,text_guess,tokens,2,False,,200,False,False,,True,True,True,akita_black_bowl_3,False,plate_1,True,0.0147,,,,,plane,0.92,0.92
spatial,scene_0017,directional,text_only,text_guess,tokens,0,False,,200,True,True,166,True,True,True,akita_black_bowl_1,True,plate_1,True,0.0071,,,,,plane,0.92,0.92
spatial,scene_0017,directional,text_only,text_guess,tokens,1,False,,200,False,False,,True,True,True,akita_black_bowl_1,True,plate_2,False,0.0137,,,,,plane,0.92,0.92
spatial,scene_0017,directional,text_only,text_guess,tokens,2,False,,200,False,False,,True,True,True,akita_black_bowl_1,True,plate_2,False,0.0137,,,,,plane,0.92,0.92
spatial,scene_0018,directional,text_only,text_guess,tokens,0,False,,200,False,False,,True,True,True,akita_black_bowl_1,True,plate_2,False,0.0145,,,,,plane,0.92,0.92
spatial,scene_0018,directional,text_only,text_guess,tokens,1,False,,200,True,True,166,True,True,True,akita_black_bowl_1,True,plate_1,True,0.0117,,,,,plane,0.92,0.92
spatial,scene_0018,directional,text_only,text_guess,tokens,2,False,,200,True,True,166,True,True,True,akita_black_bowl_1,True,plate_1,True,0.0119,,,,,plane,0.92,0.92
spatial,scene_0019,directional,text_only,text_guess,tokens,0,False,,200,True,True,168,True,True,True,akita_black_bowl_1,True,plate_2,True,0.0154,,,,,plane,0.92,0.92
spatial,scene_0019,directional,text_only,text_guess,tokens,1,False,,200,False,False,,True,True,True,akita_black_bowl_1,True,plate_1,False,0.004,,,,,plane,0.92,0.92
spatial,scene_0019,directional,text_only,text_guess,tokens,2,False,,200,False,False,,True,True,True,akita_black_bowl_1,True,plate_1,False,0.006,,,,,plane,0.92,0.92
spatial,scene_0020,directional,text_only,text_guess,tokens,0,False,,200,False,False,,True,True,True,akita_black_bowl_1,True,plate_2,False,0.0128,,,,,plane,0.92,0.92
spatial,scene_0020,directional,text_only,text_guess,tokens,1,False,,200,False,False,,True,True,True,akita_black_bowl_1,True,plate_2,False,0.0124,,,,,plane,0.92,0.92
spatial,scene_0020,directional,text_only,text_guess,tokens,2,False,,200,False,False,,True,True,True,akita_black_bowl_1,True,plate_1,False,0.0167,,,,,plane,0.92,0.92
spatial,scene_0021,directional,text_only,text_guess,tokens,0,False,,200,False,False,,True,True,True,akita_black_bowl_1,True,plate_2,False,0.0169,,,,,plane,0.92,0.92
spatial,scene_0021,directional,text_only,text_guess,tokens,1,False,,200,False,False,,True,True,True,akita_black_bowl_1,True,plate_2,False,0.0167,,,,,plane,0.92,0.92
spatial,scene_0021,directional,text_only,text_guess,tokens,2,False,,200,True,True,166,True,True,True,akita_black_bowl_1,True,plate_1,True,0.0135,,,,,plane,0.92,0.92
spatial,scene_0022,directional,text_only,text_guess,tokens,0,False,,200,False,False,,True,True,True,akita_black_bowl_1,True,plate_1,False,0.024,,,,,plane,0.92,0.92
spatial,scene_0022,directional,text_only,text_guess,tokens,1,False,,200,False,False,,True,True,True,akita_black_bowl_1,True,plate_1,False,0.024,,,,,plane,0.92,0.92
spatial,scene_0022,directional,text_only,text_guess,tokens,2,False,,200,True,True,171,True,True,True,akita_black_bowl_1,True,plate_3,True,0.0177,,,,,plane,0.92,0.92
spatial,scene_0023,directional,text_only,text_guess,tokens,0,False,,200,False,False,,True,True,True,akita_black_bowl_1,True,plate_4,False,0.0107,,,,,plane,0.92,0.92
spatial,scene_0023,directional,text_only,text_guess,tokens,1,False,,200,False,False,,True,True,True,akita_black_bowl_1,True,,False,0.0926,,,,,plane,0.92,0.92
spatial,scene_0023,directional,text_only,text_guess,tokens,2,False,,200,False,False,,True,True,True,akita_black_bowl_1,True,plate_4,False,0.0107,,,,,plane,0.92,0.92
spatial,scene_0024,directional,text_only,text_guess,tokens,0,False,,200,False,False,,True,True,True,akita_black_bowl_1,True,plate_4,False,0.013,,,,,plane,0.92,0.92
spatial,scene_0024,directional,text_only,text_guess,tokens,1,False,,200,True,True,166,True,True,True,akita_black_bowl_1,True,plate_3,True,0.0146,,,,,plane,0.92,0.92
spatial,scene_0024,directional,text_only,text_guess,tokens,2,False,,200,False,False,,True,True,True,akita_black_bowl_1,True,plate_4,False,0.0128,,,,,plane,0.92,0.92
spatial,scene_0025,directional,text_only,text_guess,tokens,0,False,,200,True,True,166,True,True,True,akita_black_bowl_1,True,plate_3,True,0.0043,,,,,plane,0.92,0.92
spatial,scene_0025,directional,text_only,text_guess,tokens,1,False,,200,False,False,,True,True,True,akita_black_bowl_1,True,plate_4,False,0.0075,,,,,plane,0.92,0.92
spatial,scene_0025,directional,text_only,text_guess,tokens,2,False,,200,False,False,,True,True,True,akita_black_bowl_1,True,plate_4,False,0.0073,,,,,plane,0.92,0.92
spatial,scene_0026,both,text_only,text_guess,tokens,0,False,,200,True,True,168,True,True,True,akita_black_bowl_1,True,plate_1,True,0.0108,,,,,plane,0.92,0.92
spatial,scene_0026,both,text_only,text_guess,tokens,1,False,,200,True,True,168,True,True,True,akita_black_bowl_1,True,plate_1,True,0.011,,,,,plane,0.92,0.92
spatial,scene_0026,both,text_only,text_guess,tokens,2,False,,200,False,False,,True,True,True,akita_black_bowl_3,False,plate_1,True,0.0131,,,,,plane,0.92,0.92
spatial,scene_0027,both,text_only,text_guess,tokens,0,False,,200,True,True,167,True,True,True,akita_black_bowl_3,True,plate_2,True,0.018,,,,,plane,0.92,0.92
spatial,scene_0027,both,text_only,text_guess,tokens,1,False,,200,False,False,,True,True,True,akita_black_bowl_2,False,plate_2,True,0.0126,,,,,plane,0.92,0.92
spatial,scene_0027,both,text_only,text_guess,tokens,2,False,,200,False,False,,True,True,True,akita_black_bowl_2,False,plate_2,True,0.0126,,,,,plane,0.92,0.92
spatial,scene_0028,both,text_only,text_guess,tokens,0,False,,200,False,False,,True,True,True,akita_black_bowl_1,True,plate_2,False,0.0109,,,,,plane,0.92,0.92
spatial,scene_0028,both,text_only,text_guess,tokens,1,False,,200,False,False,,True,True,True,akita_black_bowl_2,False,plate_2,False,0.0115,,,,,plane,0.92,0.92
spatial,scene_0028,both,text_only,text_guess,tokens,2,False,,200,False,False,,True,True,True,akita_black_bowl_3,False,plate_1,True,0.0135,,,,,plane,0.92,0.92
spatial,scene_0029,both,text_only,text_guess,tokens,0,False,,200,False,False,,True,True,True,akita_black_bowl_3,True,,False,0.1048,,,,,plane,0.92,0.92
spatial,scene_0029,both,text_only,text_guess,tokens,1,False,,200,False,False,,True,True,True,akita_black_bowl_2,False,plate_2,True,0.0147,,,,,plane,0.92,0.92
spatial,scene_0029,both,text_only,text_guess,tokens,2,False,,200,False,False,,True,True,True,akita_black_bowl_4,False,plate_1,False,0.0126,,,,,plane,0.92,0.92
spatial,scene_0030,both,text_only,text_guess,tokens,0,False,,200,False,False,,True,True,True,akita_black_bowl_3,False,plate_1,True,0.007,,,,,plane,0.92,0.92
spatial,scene_0030,both,text_only,text_guess,tokens,1,False,,200,False,False,,True,True,True,akita_black_bowl_3,False,plate_2,False,0.0161,,,,,plane,0.92,0.92
spatial,scene_0030,both,text_only,text_guess,tokens,2,False,,200,False,False,,True,True,True,akita_black_bowl_2,True,,False,0.1031,,,,,plane,0.92,0.92
spatial,scene_0031,both,text_only,text_guess,tokens,0,False,,200,False,False,,True,True,True,akita_black_bowl_3,False,plate_2,True,0.0137,,,,,plane,0.92,0.92
spatial,scene_0031,both,text_only,text_guess,tokens,1,False,,200,False,False,,True,True,True,akita_black_bowl_4,False,plate_2,True,0.0124,,,,,plane,0.92,0.92
spatial,scene_0031,both,text_only,text_guess,tokens,2,False,,200,False,False,,True,True,True,akita_black_bowl_3,False,plate_1,False,0.0162,,,,,plane,0.92,0.92
spatial,scene_0032,both,text_only,text_guess,tokens,0,False,,200,False,False,,True,True,True,akita_black_bowl_1,True,plate_3,False,0.0081,,,,,plane,0.92,0.92
spatial,scene_0032,both,text_only,text_guess,tokens,1,False,,200,False,False,,True,True,True,akita_black_bowl_1,True,plate_1,True,0.0439,,,,,plane,0.92,0.92
spatial,scene_0032,both,text_only,text_guess,tokens,2,False,,200,False,False,,True,True,True,akita_black_bowl_3,False,plate_1,True,0.0447,,,,,plane,0.92,0.92
spatial,scene_0033,both,text_only,text_guess,tokens,0,False,,200,True,True,166,True,True,True,akita_black_bowl_3,True,plate_3,True,0.0084,,,,,plane,0.92,0.92
spatial,scene_0033,both,text_only,text_guess,tokens,1,False,,200,False,False,,True,True,True,akita_black_bowl_2,False,plate_3,True,0.0109,,,,,plane,0.92,0.92
spatial,scene_0033,both,text_only,text_guess,tokens,2,False,,200,False,False,,True,True,True,akita_black_bowl_1,False,plate_3,True,0.009,,,,,plane,0.92,0.92
spatial,scene_0034,both,text_only,text_guess,tokens,0,False,,200,False,False,,True,False,False,,False,,False,0.1178,,,,,plane,0.92,0.92
spatial,scene_0034,both,text_only,text_guess,tokens,1,False,,200,False,False,,True,True,True,akita_black_bowl_1,True,plate_3,False,0.028,,,,,plane,0.92,0.92
spatial,scene_0034,both,text_only,text_guess,tokens,2,False,,200,False,False,,True,False,False,,False,,False,0.1178,,,,,plane,0.92,0.92
spatial,scene_0035,both,text_only,text_guess,tokens,0,False,,200,False,False,,True,True,True,akita_black_bowl_1,False,plate_2,True,0.0265,,,,,plane,0.92,0.92
spatial,scene_0035,both,text_only,text_guess,tokens,1,False,,200,False,False,,True,True,True,akita_black_bowl_3,False,plate_2,True,0.0323,,,,,plane,0.92,0.92
spatial,scene_0035,both,text_only,text_guess,tokens,2,False,,200,False,False,,True,True,True,akita_black_bowl_4,True,plate_3,False,0.0158,,,,,plane,0.92,0.92
spatial,scene_0036,both,text_only,text_guess,tokens,0,False,,200,False,False,,True,False,False,,False,,False,0.1182,,,,,plane,0.92,0.92
spatial,scene_0036,both,text_only,text_guess,tokens,1,False,,200,False,False,,True,False,False,,False,,False,0.1182,,,,,plane,0.92,0.92
spatial,scene_0036,both,text_only,text_guess,tokens,2,False,,200,False,False,,True,False,False,,False,,False,0.1174,,,,,plane,0.92,0.92
spatial,scene_0037,both,text_only,text_guess,tokens,0,False,,200,False,False,,True,True,True,akita_black_bowl_3,False,plate_2,False,0.0452,,,,,plane,0.92,0.92
spatial,scene_0037,both,text_only,text_guess,tokens,1,False,,200,False,False,,True,True,True,akita_black_bowl_5,True,plate_2,False,0.0156,,,,,plane,0.92,0.92
spatial,scene_0037,both,text_only,text_guess,tokens,2,False,,200,False,False,,True,True,True,akita_black_bowl_3,False,plate_2,False,0.0339,,,,,plane,0.92,0.92
object,scene_0000,control,text_only,text_guess,tokens,0,False,,200,True,True,144,True,True,True,milk_1,True,basket_1,True,0.0136,,,,,plane,0.065,0.065
object,scene_0000,control,text_only,text_guess,tokens,1,False,,200,True,True,144,True,True,True,milk_1,True,basket_1,True,0.0136,,,,,plane,0.065,0.065
object,scene_0000,control,text_only,text_guess,tokens,2,False,,200,True,True,144,True,True,True,milk_1,True,basket_1,True,0.0136,,,,,plane,0.065,0.065
object,scene_0001,control,text_only,text_guess,tokens,0,False,,200,False,False,,True,False,False,,False,,False,0.412,,,,,plane,0.065,0.065
object,scene_0001,control,text_only,text_guess,tokens,1,False,,200,False,False,,True,False,False,,False,,False,0.4131,,,,,plane,0.065,0.065
object,scene_0001,control,text_only,text_guess,tokens,2,False,,200,False,False,,True,False,False,,False,,False,0.4133,,,,,plane,0.065,0.065
object,scene_0002,control,text_only,text_guess,tokens,0,False,,200,False,False,,True,False,False,,False,,False,0.3539,,,,,plane,0.065,0.065
object,scene_0002,control,text_only,text_guess,tokens,1,False,,200,False,False,,True,False,False,,False,,False,0.3529,,,,,plane,0.065,0.065
object,scene_0002,control,text_only,text_guess,tokens,2,False,,200,False,False,,True,False,False,,False,,False,0.3531,,,,,plane,0.065,0.065
object,scene_0003,control,text_only,text_guess,tokens,0,False,,200,True,True,145,True,True,True,orange_juice_1,True,basket_1,True,0.0095,,,,,plane,0.065,0.065
object,scene_0003,control,text_only,text_guess,tokens,1,False,,200,True,True,145,True,True,True,orange_juice_1,True,basket_1,True,0.0095,,,,,plane,0.065,0.065
object,scene_0003,control,text_only,text_guess,tokens,2,False,,200,True,True,145,True,True,True,orange_juice_1,True,basket_1,True,0.0095,,,,,plane,0.065,0.065
object,scene_0004,control,text_only,text_guess,tokens,0,False,,200,False,False,,True,True,True,ketchup_1,True,,False,0.1269,,,,,plane,0.065,0.065
object,scene_0004,control,text_only,text_guess,tokens,1,False,,200,False,False,,True,True,True,ketchup_1,True,,False,0.1321,,,,,plane,0.065,0.065
object,scene_0004,control,text_only,text_guess,tokens,2,False,,200,False,False,,True,True,True,ketchup_1,True,,False,0.1884,,,,,plane,0.065,0.065
object,scene_0005,referential,text_only,text_guess,tokens,0,False,,200,False,False,,True,False,False,,False,,False,0.4363,,,,,plane,0.065,0.065
object,scene_0005,referential,text_only,text_guess,tokens,1,False,,200,False,False,,True,False,False,,False,,False,0.4363,,,,,plane,0.065,0.065
object,scene_0005,referential,text_only,text_guess,tokens,2,False,,200,False,False,,True,False,False,,False,,False,0.4363,,,,,plane,0.065,0.065
object,scene_0006,referential,text_only,text_guess,tokens,0,False,,200,False,False,,True,True,True,salad_dressing_1,True,,False,0.1831,,,,,plane,0.065,0.065
object,scene_0006,referential,text_only,text_guess,tokens,1,False,,200,False,False,,True,True,True,salad_dressing_2,False,basket_1,True,0.0305,,,,,plane,0.065,0.065
object,scene_0006,referential,text_only,text_guess,tokens,2,False,,200,False,False,,True,True,True,salad_dressing_2,False,basket_1,True,0.0307,,,,,plane,0.065,0.065
object,scene_0007,referential,text_only,text_guess,tokens,0,False,,200,False,False,,True,False,False,,False,,False,0.5179,,,,,plane,0.065,0.065
object,scene_0007,referential,text_only,text_guess,tokens,1,False,,200,False,False,,True,False,False,,False,,False,0.5179,,,,,plane,0.065,0.065
object,scene_0007,referential,text_only,text_guess,tokens,2,False,,200,False,False,,True,False,False,,False,,False,0.5179,,,,,plane,0.065,0.065
object,scene_0008,referential,text_only,text_guess,tokens,0,False,,200,False,False,,True,False,False,,False,,False,0.2761,,,,,plane,0.065,0.065
object,scene_0008,referential,text_only,text_guess,tokens,1,False,,200,False,False,,True,False,False,,False,,False,0.2761,,,,,plane,0.065,0.065
object,scene_0008,referential,text_only,text_guess,tokens,2,False,,200,False,False,,True,False,False,,False,,False,0.2761,,,,,plane,0.065,0.065
object,scene_0009,referential,text_only,text_guess,tokens,0,False,,200,False,False,,True,False,False,,False,,False,0.4102,,,,,plane,0.065,0.065
object,scene_0009,referential,text_only,text_guess,tokens,1,False,,200,False,False,,True,False,False,,False,,False,0.4102,,,,,plane,0.065,0.065
object,scene_0009,referential,text_only,text_guess,tokens,2,False,,200,False,False,,True,False,False,,False,,False,0.4102,,,,,plane,0.065,0.065
object,scene_0010,referential,text_only,text_guess,tokens,0,False,,200,True,True,170,True,True,True,milk_2,True,basket_1,True,0.0136,,,,,plane,0.065,0.065
object,scene_0010,referential,text_only,text_guess,tokens,1,False,,200,False,False,,True,True,True,milk_3,False,basket_1,True,0.0136,,,,,plane,0.065,0.065
object,scene_0010,referential,text_only,text_guess,tokens,2,False,,200,True,True,171,True,True,True,milk_2,True,basket_1,True,0.012,,,,,plane,0.065,0.065
object,scene_0011,referential,text_only,text_guess,tokens,0,False,,200,False,False,,True,False,False,,False,,False,0.4614,,,,,plane,0.065,0.065
object,scene_0011,referential,text_only,text_guess,tokens,1,False,,200,False,False,,True,False,False,,False,,False,0.4614,,,,,plane,0.065,0.065
object,scene_0011,referential,text_only,text_guess,tokens,2,False,,200,False,False,,True,False,False,,False,,False,0.4614,,,,,plane,0.065,0.065
object,scene_0012,referential,text_only,text_guess,tokens,0,False,,200,False,False,,True,False,False,,False,,False,0.3032,,,,,plane,0.065,0.065
object,scene_0012,referential,text_only,text_guess,tokens,1,False,,200,False,False,,True,True,True,basket_1,False,basket_1,True,0.0,,,,,plane,0.065,0.065
object,scene_0012,referential,text_only,text_guess,tokens,2,False,,200,False,False,,True,False,False,,False,,False,0.3032,,,,,plane,0.065,0.065
object,scene_0013,referential,text_only,text_guess,tokens,0,False,,200,False,False,,True,False,False,,False,,False,0.2336,,,,,plane,0.065,0.065
object,scene_0013,referential,text_only,text_guess,tokens,1,False,,200,False,False,,True,False,False,,False,,False,0.2287,,,,,plane,0.065,0.065
object,scene_0013,referential,text_only,text_guess,tokens,2,False,,200,False,False,,True,True,True,tomato_sauce_1,False,basket_1,True,0.0181,,,,,plane,0.065,0.065
object,scene_0014,referential,text_only,text_guess,tokens,0,False,,200,False,False,,True,False,False,,False,,False,0.3848,,,,,plane,0.065,0.065
object,scene_0014,referential,text_only,text_guess,tokens,1,False,,200,False,False,,True,True,True,bbq_sauce_3,False,basket_1,True,0.0194,,,,,plane,0.065,0.065
object,scene_0014,referential,text_only,text_guess,tokens,2,False,,200,False,False,,True,False,False,,False,,False,0.3848,,,,,plane,0.065,0.065
object,scene_0015,referential,text_only,text_guess,tokens,0,False,,200,False,False,,True,False,False,,False,,False,0.385,,,,,plane,0.065,0.065
object,scene_0015,referential,text_only,text_guess,tokens,1,False,,200,False,False,,True,False,False,,False,,False,0.385,,,,,plane,0.065,0.065
object,scene_0015,referential,text_only,text_guess,tokens,2,False,,200,False,False,,True,False,False,,False,,False,0.385,,,,,plane,0.065,0.065
object,scene_0016,referential,text_only,text_guess,tokens,0,False,,200,False,False,,True,False,False,,False,,False,0.2007,,,,,plane,0.065,0.065
object,scene_0016,referential,text_only,text_guess,tokens,1,False,,200,False,False,,True,False,False,,False,,False,0.2007,,,,,plane,0.065,0.065
object,scene_0016,referential,text_only,text_guess,tokens,2,False,,200,False,False,,True,False,False,,False,,False,0.2007,,,,,plane,0.065,0.065
object,scene_0017,directional,text_only,text_guess,tokens,0,False,,200,False,False,,True,False,False,,False,,False,0.3487,,,,,plane,0.065,0.065
object,scene_0017,directional,text_only,text_guess,tokens,1,False,,200,False,False,,True,False,False,,False,,False,0.3487,,,,,plane,0.065,0.065
object,scene_0017,directional,text_only,text_guess,tokens,2,False,,200,False,False,,True,False,False,,False,,False,0.3487,,,,,plane,0.065,0.065
object,scene_0018,directional,text_only,text_guess,tokens,0,False,,200,False,False,,True,False,False,,False,,False,0.3911,,,,,plane,0.065,0.065
object,scene_0018,directional,text_only,text_guess,tokens,1,False,,200,False,False,,True,False,False,,False,,False,0.3911,,,,,plane,0.065,0.065
object,scene_0018,directional,text_only,text_guess,tokens,2,False,,200,False,False,,True,False,False,,False,,False,0.3911,,,,,plane,0.065,0.065
object,scene_0019,directional,text_only,text_guess,tokens,0,False,,200,False,False,,True,False,False,,False,,False,0.4164,,,,,plane,0.065,0.065
object,scene_0019,directional,text_only,text_guess,tokens,1,False,,200,False,False,,True,False,False,,False,,False,0.4164,,,,,plane,0.065,0.065
object,scene_0019,directional,text_only,text_guess,tokens,2,False,,200,False,False,,True,False,False,,False,,False,0.4164,,,,,plane,0.065,0.065
object,scene_0020,directional,text_only,text_guess,tokens,0,False,,200,False,False,,True,True,True,milk_1,True,basket_2,False,0.02,,,,,plane,0.065,0.065
object,scene_0020,directional,text_only,text_guess,tokens,1,False,,200,True,True,144,True,True,True,milk_1,True,basket_1,True,0.0129,,,,,plane,0.065,0.065
object,scene_0020,directional,text_only,text_guess,tokens,2,False,,200,True,True,144,True,True,True,milk_1,True,basket_1,True,0.0129,,,,,plane,0.065,0.065
object,scene_0021,directional,text_only,text_guess,tokens,0,False,,200,False,False,,True,False,False,,False,,False,0.2445,,,,,plane,0.065,0.065
object,scene_0021,directional,text_only,text_guess,tokens,1,False,,200,False,False,,True,False,False,,False,,False,0.2445,,,,,plane,0.065,0.065
object,scene_0021,directional,text_only,text_guess,tokens,2,False,,200,False,False,,True,False,False,,False,,False,0.2445,,,,,plane,0.065,0.065
object,scene_0022,directional,text_only,text_guess,tokens,0,False,,200,False,False,,True,False,False,,False,,False,0.3465,,,,,plane,0.065,0.065
object,scene_0022,directional,text_only,text_guess,tokens,1,False,,200,False,False,,True,False,False,,False,,False,0.3465,,,,,plane,0.065,0.065
object,scene_0022,directional,text_only,text_guess,tokens,2,False,,200,False,False,,True,False,False,,False,,False,0.3465,,,,,plane,0.065,0.065
object,scene_0023,directional,text_only,text_guess,tokens,0,False,,200,True,True,144,True,True,True,orange_juice_1,True,basket_1,True,0.0032,,,,,plane,0.065,0.065
object,scene_0023,directional,text_only,text_guess,tokens,1,False,,200,True,True,144,True,True,True,orange_juice_1,True,basket_1,True,0.0153,,,,,plane,0.065,0.065
object,scene_0023,directional,text_only,text_guess,tokens,2,False,,200,True,True,144,True,True,True,orange_juice_1,True,basket_1,True,0.0149,,,,,plane,0.065,0.065
object,scene_0024,directional,text_only,text_guess,tokens,0,False,,200,False,False,,True,True,True,ketchup_1,True,,False,0.1222,,,,,plane,0.065,0.065
object,scene_0024,directional,text_only,text_guess,tokens,1,False,,200,False,False,,True,True,True,ketchup_1,True,basket_2,False,0.0381,,,,,plane,0.065,0.065
object,scene_0024,directional,text_only,text_guess,tokens,2,False,,200,False,False,,True,True,True,ketchup_1,True,basket_2,False,0.0343,,,,,plane,0.065,0.065
object,scene_0025,directional,text_only,text_guess,tokens,0,False,,200,False,False,,True,False,False,,False,,False,0.2566,,,,,plane,0.065,0.065
object,scene_0025,directional,text_only,text_guess,tokens,1,False,,200,False,False,,True,False,False,,False,,False,0.2566,,,,,plane,0.065,0.065
object,scene_0025,directional,text_only,text_guess,tokens,2,False,,200,False,False,,True,False,False,,False,,False,0.2566,,,,,plane,0.065,0.065
object,scene_0026,both,text_only,text_guess,tokens,0,False,,200,False,False,,True,True,True,salad_dressing_1,False,,False,0.0955,,,,,plane,0.065,0.065
object,scene_0026,both,text_only,text_guess,tokens,1,False,,200,False,False,,True,True,True,salad_dressing_1,False,,False,0.0971,,,,,plane,0.065,0.065
object,scene_0026,both,text_only,text_guess,tokens,2,False,,200,False,False,,True,True,True,salad_dressing_1,False,,False,0.1043,,,,,plane,0.065,0.065
object,scene_0027,both,text_only,text_guess,tokens,0,False,,200,False,False,,True,False,False,,False,,False,0.2247,,,,,plane,0.065,0.065
object,scene_0027,both,text_only,text_guess,tokens,1,False,,200,False,False,,True,False,False,,False,,False,0.2247,,,,,plane,0.065,0.065
object,scene_0027,both,text_only,text_guess,tokens,2,False,,200,False,False,,True,False,False,,False,,False,0.2247,,,,,plane,0.065,0.065
object,scene_0028,both,text_only,text_guess,tokens,0,False,,200,False,False,,True,False,False,,False,,False,0.3678,,,,,plane,0.065,0.065
object,scene_0028,both,text_only,text_guess,tokens,1,False,,200,False,False,,True,False,False,,False,,False,0.3678,,,,,plane,0.065,0.065
object,scene_0028,both,text_only,text_guess,tokens,2,False,,200,False,False,,True,False,False,,False,,False,0.3678,,,,,plane,0.065,0.065
object,scene_0029,both,text_only,text_guess,tokens,0,False,,200,False,False,,True,False,False,,False,,False,0.3434,,,,,plane,0.065,0.065
object,scene_0029,both,text_only,text_guess,tokens,1,False,,200,False,False,,True,False,False,,False,,False,0.3434,,,,,plane,0.065,0.065
object,scene_0029,both,text_only,text_guess,tokens,2,False,,200,False,False,,True,False,False,,False,,False,0.3434,,,,,plane,0.065,0.065
object,scene_0030,both,text_only,text_guess,tokens,0,False,,200,False,False,,True,False,False,,False,,False,0.268,,,,,plane,0.065,0.065
object,scene_0030,both,text_only,text_guess,tokens,1,False,,200,False,False,,True,False,False,,False,,False,0.268,,,,,plane,0.065,0.065
object,scene_0030,both,text_only,text_guess,tokens,2,False,,200,False,False,,True,False,False,,False,,False,0.268,,,,,plane,0.065,0.065
object,scene_0031,both,text_only,text_guess,tokens,0,False,,200,False,False,,True,False,False,,False,,False,0.2444,,,,,plane,0.065,0.065
object,scene_0031,both,text_only,text_guess,tokens,1,False,,200,False,False,,True,False,False,,False,,False,0.2444,,,,,plane,0.065,0.065
object,scene_0031,both,text_only,text_guess,tokens,2,False,,200,False,False,,True,False,False,,False,,False,0.2444,,,,,plane,0.065,0.065
object,scene_0032,both,text_only,text_guess,tokens,0,False,,200,False,False,,True,False,False,,False,,False,0.3737,,,,,plane,0.065,0.065
object,scene_0032,both,text_only,text_guess,tokens,1,False,,200,False,False,,True,False,False,,False,,False,0.3737,,,,,plane,0.065,0.065
object,scene_0032,both,text_only,text_guess,tokens,2,False,,200,False,False,,True,False,False,,False,,False,0.3737,,,,,plane,0.065,0.065
object,scene_0033,both,text_only,text_guess,tokens,0,False,,200,False,False,,True,True,True,orange_juice_1,False,,False,0.2191,,,,,plane,0.065,0.065
object,scene_0033,both,text_only,text_guess,tokens,1,False,,200,False,False,,True,True,True,orange_juice_2,False,basket_1,False,0.035,,,,,plane,0.065,0.065
object,scene_0033,both,text_only,text_guess,tokens,2,False,,200,False,False,,True,True,True,orange_juice_2,False,basket_2,True,0.01,,,,,plane,0.065,0.065
object,scene_0034,both,text_only,text_guess,tokens,0,False,,200,False,False,,True,True,True,ketchup_1,False,,False,0.1337,,,,,plane,0.065,0.065
object,scene_0034,both,text_only,text_guess,tokens,1,False,,200,False,False,,True,True,True,ketchup_1,False,,False,0.1093,,,,,plane,0.065,0.065
object,scene_0034,both,text_only,text_guess,tokens,2,False,,200,False,False,,True,True,True,ketchup_3,False,,False,0.1198,,,,,plane,0.065,0.065
object,scene_0035,both,text_only,text_guess,tokens,0,False,,200,False,False,,True,False,False,,False,,False,0.3166,,,,,plane,0.065,0.065
object,scene_0035,both,text_only,text_guess,tokens,1,False,,200,False,False,,True,False,False,,False,,False,0.3166,,,,,plane,0.065,0.065
object,scene_0035,both,text_only,text_guess,tokens,2,False,,200,False,False,,True,False,False,,False,,False,0.3166,,,,,plane,0.065,0.065
object,scene_0036,both,text_only,text_guess,tokens,0,False,,200,False,False,,True,False,False,,False,,False,0.3559,,,,,plane,0.065,0.065
object,scene_0036,both,text_only,text_guess,tokens,1,False,,200,False,False,,True,False,False,,False,,False,0.3527,,,,,plane,0.065,0.065
object,scene_0036,both,text_only,text_guess,tokens,2,False,,200,False,False,,True,False,False,,False,,False,0.3559,,,,,plane,0.065,0.065
object,scene_0037,both,text_only,text_guess,tokens,0,False,,200,False,False,,True,False,False,,False,,False,0.3136,,,,,plane,0.065,0.065
object,scene_0037,both,text_only,text_guess,tokens,1,False,,200,False,False,,True,False,False,,False,,False,0.3122,,,,,plane,0.065,0.065
object,scene_0037,both,text_only,text_guess,tokens,2,False,,200,False,False,,True,False,False,,False,,False,0.3122,,,,,plane,0.065,0.065
goal,scene_0000,control,text_only,text_guess,tokens,0,False,,200,True,True,166,True,True,True,akita_black_bowl_1,True,plate_1,True,0.0126,,,,,plane,0.92,0.92
goal,scene_0000,control,text_only,text_guess,tokens,1,False,,200,True,True,166,True,True,True,akita_black_bowl_1,True,plate_1,True,0.0127,,,,,plane,0.92,0.92
goal,scene_0000,control,text_only,text_guess,tokens,2,False,,200,True,True,166,True,True,True,akita_black_bowl_1,True,plate_1,True,0.0125,,,,,plane,0.92,0.92
goal,scene_0001,control,text_only,text_guess,tokens,0,False,,200,True,True,163,True,True,True,akita_black_bowl_1,True,,False,,,,,,plane,0.92,0.92
goal,scene_0001,control,text_only,text_guess,tokens,1,False,,200,True,True,163,True,True,True,akita_black_bowl_1,True,,False,,,,,,plane,0.92,0.92
goal,scene_0001,control,text_only,text_guess,tokens,2,False,,200,True,True,163,True,True,True,akita_black_bowl_1,True,,False,,,,,,plane,0.92,0.92
goal,scene_0002,control,text_only,text_guess,tokens,0,False,,200,False,False,,False,False,False,,False,,False,,,,,,plane,0.92,0.92
goal,scene_0002,control,text_only,text_guess,tokens,1,False,,200,False,False,,False,False,False,,False,,False,,,,,,plane,0.92,0.92
goal,scene_0002,control,text_only,text_guess,tokens,2,False,,200,False,False,,False,False,False,,False,,False,,,,,,plane,0.92,0.92
goal,scene_0003,control,text_only,text_guess,tokens,0,False,,200,False,False,,False,False,False,,False,,False,,,,,,plane,0.92,0.92
goal,scene_0003,control,text_only,text_guess,tokens,1,False,,200,False,False,,False,False,False,,False,,False,,,,,,plane,0.92,0.92
goal,scene_0003,control,text_only,text_guess,tokens,2,False,,200,False,False,,False,False,False,,False,,False,,,,,,plane,0.92,0.92
goal,scene_0004,control,text_only,text_guess,tokens,0,False,,200,False,False,,True,False,False,,False,,False,0.1353,,,,,plane,0.92,0.92
goal,scene_0004,control,text_only,text_guess,tokens,1,False,,200,False,False,,True,False,False,,False,,False,0.1351,,,,,plane,0.92,0.92
goal,scene_0004,control,text_only,text_guess,tokens,2,False,,200,False,False,,True,False,False,,False,,False,0.135,,,,,plane,0.92,0.92
goal,scene_0005,referential,text_only,text_guess,tokens,0,False,,200,False,False,,True,False,False,,False,,False,0.1432,,,,,plane,0.92,0.92
goal,scene_0005,referential,text_only,text_guess,tokens,1,False,,200,False,False,,True,False,False,,False,,False,0.1432,,,,,plane,0.92,0.92
goal,scene_0005,referential,text_only,text_guess,tokens,2,False,,200,False,False,,True,False,False,,False,,False,0.1432,,,,,plane,0.92,0.92
goal,scene_0006,referential,text_only,text_guess,tokens,0,False,,200,False,False,,True,True,True,akita_black_bowl_3,False,,False,,,,,,plane,0.92,0.92
goal,scene_0006,referential,text_only,text_guess,tokens,1,False,,200,False,False,,True,True,True,akita_black_bowl_4,False,,False,,,,,,plane,0.92,0.92
goal,scene_0006,referential,text_only,text_guess,tokens,2,False,,200,False,False,,True,True,True,akita_black_bowl_1,True,,False,,,,,,plane,0.92,0.92
goal,scene_0007,referential,text_only,text_guess,tokens,0,False,,200,False,False,,True,True,True,akita_black_bowl_1,True,,False,,,,,,plane,0.92,0.92
goal,scene_0007,referential,text_only,text_guess,tokens,1,False,,200,False,False,,True,True,True,akita_black_bowl_2,False,,False,,,,,,plane,0.92,0.92
goal,scene_0007,referential,text_only,text_guess,tokens,2,False,,200,False,False,,True,True,True,akita_black_bowl_2,False,,False,,,,,,plane,0.92,0.92
goal,scene_0008,referential,text_only,text_guess,tokens,0,False,,200,False,False,,False,False,False,,False,,False,,,,,,plane,0.92,0.92
goal,scene_0008,referential,text_only,text_guess,tokens,1,False,,200,False,False,,False,False,False,,False,,False,,,,,,plane,0.92,0.92
goal,scene_0008,referential,text_only,text_guess,tokens,2,False,,200,False,False,,False,False,False,,False,,False,,,,,,plane,0.92,0.92
goal,scene_0009,referential,text_only,text_guess,tokens,0,False,,200,False,False,,False,False,False,,False,,False,,,,,,plane,0.92,0.92
goal,scene_0009,referential,text_only,text_guess,tokens,1,False,,200,False,False,,False,False,False,,False,,False,,,,,,plane,0.92,0.92
goal,scene_0009,referential,text_only,text_guess,tokens,2,False,,200,False,False,,False,False,False,,False,,False,,,,,,plane,0.92,0.92
goal,scene_0010,referential,text_only,text_guess,tokens,0,False,,200,False,False,,False,False,False,,False,,False,,,,,,plane,0.92,0.92
goal,scene_0010,referential,text_only,text_guess,tokens,1,False,,200,False,False,,False,False,False,,False,,False,,,,,,plane,0.92,0.92
goal,scene_0010,referential,text_only,text_guess,tokens,2,False,,200,False,False,,False,False,False,,False,,False,,,,,,plane,0.92,0.92
goal,scene_0011,referential,text_only,text_guess,tokens,0,False,,200,False,False,,True,False,False,,False,,False,0.1461,,,,,plane,0.92,0.92
goal,scene_0011,referential,text_only,text_guess,tokens,1,False,,200,False,False,,True,False,False,,False,,False,0.1459,,,,,plane,0.92,0.92
goal,scene_0011,referential,text_only,text_guess,tokens,2,False,,200,False,False,,True,False,False,,False,,False,0.1458,,,,,plane,0.92,0.92
goal,scene_0012,referential,text_only,text_guess,tokens,0,False,,200,False,False,,True,True,True,akita_black_bowl_2,False,plate_1,True,0.0097,,,,,plane,0.92,0.92
goal,scene_0012,referential,text_only,text_guess,tokens,1,False,,200,True,True,168,True,True,True,akita_black_bowl_1,True,plate_1,True,0.0107,,,,,plane,0.92,0.92
goal,scene_0012,referential,text_only,text_guess,tokens,2,False,,200,False,False,,True,True,True,akita_black_bowl_2,False,plate_1,True,0.0091,,,,,plane,0.92,0.92
goal,scene_0013,referential,text_only,text_guess,tokens,0,False,,200,False,False,,False,False,False,,False,,False,,,,,,plane,0.92,0.92
goal,scene_0013,referential,text_only,text_guess,tokens,1,False,,200,False,False,,False,False,False,,False,,False,,,,,,plane,0.92,0.92
goal,scene_0013,referential,text_only,text_guess,tokens,2,False,,200,False,False,,False,False,False,,False,,False,,,,,,plane,0.92,0.92
goal,scene_0014,referential,text_only,text_guess,tokens,0,False,,200,True,True,175,True,True,True,akita_black_bowl_1,True,,False,,,,,,plane,0.92,0.92
goal,scene_0014,referential,text_only,text_guess,tokens,1,False,,200,True,True,175,True,True,True,akita_black_bowl_1,True,,False,,,,,,plane,0.92,0.92
goal,scene_0014,referential,text_only,text_guess,tokens,2,False,,200,False,False,,True,False,False,,False,,False,,,,,,plane,0.92,0.92
goal,scene_0015,referential,text_only,text_guess,tokens,0,False,,200,False,False,,True,True,True,cream_cheese_2,False,akita_black_bowl_1,True,0.0008,,,,,plane,0.92,0.92
goal,scene_0015,referential,text_only,text_guess,tokens,1,False,,200,False,False,,True,False,False,,False,,False,0.1364,,,,,plane,0.92,0.92
goal,scene_0015,referential,text_only,text_guess,tokens,2,False,,200,False,False,,True,True,True,cream_cheese_2,False,akita_black_bowl_1,True,0.0047,,,,,plane,0.92,0.92
goal,scene_0016,referential,text_only,text_guess,tokens,0,False,,200,False,False,,True,False,False,,False,,False,,,,,,plane,0.92,0.92
goal,scene_0016,referential,text_only,text_guess,tokens,1,False,,200,False,False,,True,False,False,,False,,False,,,,,,plane,0.92,0.92
goal,scene_0016,referential,text_only,text_guess,tokens,2,False,,200,False,False,,True,False,False,,False,,False,,,,,,plane,0.92,0.92
goal,scene_0017,directional,text_only,text_guess,tokens,0,False,,200,False,False,,True,True,True,akita_black_bowl_1,True,plate_1,False,0.0111,,,,,plane,0.92,0.92
goal,scene_0017,directional,text_only,text_guess,tokens,1,False,,200,False,False,,True,True,True,akita_black_bowl_1,True,plate_2,True,0.0455,,,,,plane,0.92,0.92
goal,scene_0017,directional,text_only,text_guess,tokens,2,False,,200,False,False,,True,True,True,akita_black_bowl_1,True,plate_2,True,0.0454,,,,,plane,0.92,0.92
goal,scene_0018,directional,text_only,text_guess,tokens,0,False,,200,False,False,,True,True,True,akita_black_bowl_1,True,plate_2,False,0.0194,,,,,plane,0.92,0.92
goal,scene_0018,directional,text_only,text_guess,tokens,1,False,,200,False,False,,True,True,True,akita_black_bowl_1,True,plate_3,False,0.0206,,,,,plane,0.92,0.92
goal,scene_0018,directional,text_only,text_guess,tokens,2,False,,200,True,True,167,True,True,True,akita_black_bowl_1,True,plate_1,True,0.0112,,,,,plane,0.92,0.92
goal,scene_0019,directional,text_only,text_guess,tokens,0,False,,200,False,False,,True,True,True,akita_black_bowl_1,True,plate_2,False,0.0171,,,,,plane,0.92,0.92
goal,scene_0019,directional,text_only,text_guess,tokens,1,False,,200,True,True,166,True,True,True,akita_black_bowl_1,True,plate_3,True,0.0193,,,,,plane,0.92,0.92
goal,scene_0019,directional,text_only,text_guess,tokens,2,False,,200,False,False,,True,True,True,akita_black_bowl_1,True,plate_1,False,0.0201,,,,,plane,0.92,0.92
goal,scene_0020,directional,text_only,text_guess,tokens,0,False,,200,False,False,,True,False,False,,False,,False,0.1327,,,,,plane,0.92,0.92
goal,scene_0020,directional,text_only,text_guess,tokens,1,False,,200,False,False,,True,False,False,,False,,False,0.1326,,,,,plane,0.92,0.92
goal,scene_0020,directional,text_only,text_guess,tokens,2,False,,200,False,False,,True,False,False,,False,,False,0.1326,,,,,plane,0.92,0.92
goal,scene_0021,directional,text_only,text_guess,tokens,0,False,,200,False,False,,True,False,False,,False,,False,0.1058,,,,,plane,0.92,0.92
goal,scene_0021,directional,text_only,text_guess,tokens,1,False,,200,False,False,,True,False,False,,False,,False,0.1058,,,,,plane,0.92,0.92
goal,scene_0021,directional,text_only,text_guess,tokens,2,False,,200,False,False,,True,False,False,,False,,False,0.1058,,,,,plane,0.92,0.92
goal,scene_0022,directional,text_only,text_guess,tokens,0,False,,200,False,False,,True,False,False,,False,,False,0.1426,,,,,plane,0.92,0.92
goal,scene_0022,directional,text_only,text_guess,tokens,1,False,,200,False,False,,True,False,False,,False,,False,0.1425,,,,,plane,0.92,0.92
goal,scene_0022,directional,text_only,text_guess,tokens,2,False,,200,False,False,,True,False,False,,False,,False,0.1427,,,,,plane,0.92,0.92
goal,scene_0023,directional,text_only,text_guess,tokens,0,False,,200,True,True,165,True,True,True,akita_black_bowl_1,True,plate_2,True,0.0086,,,,,plane,0.92,0.92
goal,scene_0023,directional,text_only,text_guess,tokens,1,False,,200,True,True,165,True,True,True,akita_black_bowl_1,True,plate_2,True,0.0086,,,,,plane,0.92,0.92
goal,scene_0023,directional,text_only,text_guess,tokens,2,False,,200,True,True,165,True,True,True,akita_black_bowl_1,True,plate_2,True,0.0088,,,,,plane,0.92,0.92
goal,scene_0024,directional,text_only,text_guess,tokens,0,False,,200,False,False,,True,False,False,,False,,False,0.1248,,,,,plane,0.92,0.92
goal,scene_0024,directional,text_only,text_guess,tokens,1,False,,200,False,False,,True,False,False,,False,,False,0.1248,,,,,plane,0.92,0.92
goal,scene_0024,directional,text_only,text_guess,tokens,2,False,,200,False,False,,True,False,False,,False,,False,0.1247,,,,,plane,0.92,0.92
goal,scene_0025,directional,text_only,text_guess,tokens,0,False,,200,False,False,,True,True,True,akita_black_bowl_1,True,plate_1,False,0.0142,,,,,plane,0.92,0.92
goal,scene_0025,directional,text_only,text_guess,tokens,1,False,,200,True,True,167,True,True,True,akita_black_bowl_1,True,plate_2,True,0.0143,,,,,plane,0.92,0.92
goal,scene_0025,directional,text_only,text_guess,tokens,2,False,,200,False,False,,True,True,True,akita_black_bowl_1,True,plate_3,False,0.0302,,,,,plane,0.92,0.92
goal,scene_0026,both,text_only,text_guess,tokens,0,False,,200,False,False,,True,True,True,akita_black_bowl_1,True,plate_1,False,0.0161,,,,,plane,0.92,0.92
goal,scene_0026,both,text_only,text_guess,tokens,1,False,,200,False,False,,True,True,True,akita_black_bowl_1,True,plate_1,False,0.017,,,,,plane,0.92,0.92
goal,scene_0026,both,text_only,text_guess,tokens,2,False,,200,False,False,,True,True,True,akita_black_bowl_1,True,,False,0.1859,,,,,plane,0.92,0.92
goal,scene_0027,both,text_only,text_guess,tokens,0,False,,200,False,False,,True,True,True,akita_black_bowl_2,False,plate_1,False,0.0137,,,,,plane,0.92,0.92
goal,scene_0027,both,text_only,text_guess,tokens,1,False,,200,True,True,156,True,True,True,akita_black_bowl_1,True,plate_2,True,0.0197,,,,,plane,0.92,0.92
goal,scene_0027,both,text_only,text_guess,tokens,2,False,,200,False,False,,True,True,True,akita_black_bowl_2,False,plate_2,True,0.0199,,,,,plane,0.92,0.92
goal,scene_0028,both,text_only,text_guess,tokens,0,False,,200,False,False,,True,True,True,akita_black_bowl_1,True,plate_3,False,0.0593,,,,,plane,0.92,0.92
goal,scene_0028,both,text_only,text_guess,tokens,1,False,,200,False,False,,True,True,True,akita_black_bowl_2,False,plate_3,False,0.0536,,,,,plane,0.92,0.92
goal,scene_0028,both,text_only,text_guess,tokens,2,False,,200,False,False,,True,True,True,akita_black_bowl_2,False,plate_2,True,0.0115,,,,,plane,0.92,0.92
goal,scene_0029,both,text_only,text_guess,tokens,0,False,,200,False,False,,True,False,False,,False,,False,0.1234,,,,,plane,0.92,0.92
goal,scene_0029,both,text_only,text_guess,tokens,1,False,,200,False,False,,True,False,False,,False,,False,0.1233,,,,,plane,0.92,0.92
goal,scene_0029,both,text_only,text_guess,tokens,2,False,,200,False,False,,True,False,False,,False,,False,0.1235,,,,,plane,0.92,0.92
goal,scene_0030,both,text_only,text_guess,tokens,0,False,,200,False,False,,True,True,True,akita_black_bowl_2,False,akita_black_bowl_2,True,0.0,,,,,plane,0.92,0.92
goal,scene_0030,both,text_only,text_guess,tokens,1,False,,200,False,False,,True,False,False,,False,,False,0.1381,,,,,plane,0.92,0.92
goal,scene_0030,both,text_only,text_guess,tokens,2,False,,200,False,False,,True,False,False,,False,,False,0.1381,,,,,plane,0.92,0.92
goal,scene_0031,both,text_only,text_guess,tokens,0,False,,200,False,False,,True,True,True,akita_black_bowl_2,False,akita_black_bowl_2,False,0.0,,,,,plane,0.92,0.92
goal,scene_0031,both,text_only,text_guess,tokens,1,False,,200,False,False,,True,True,True,akita_black_bowl_2,False,akita_black_bowl_2,False,0.0,,,,,plane,0.92,0.92
goal,scene_0031,both,text_only,text_guess,tokens,2,False,,200,False,False,,True,False,False,,False,,False,0.1346,,,,,plane,0.92,0.92
goal,scene_0032,both,text_only,text_guess,tokens,0,False,,200,False,False,,True,True,True,akita_black_bowl_2,False,plate_2,False,0.0131,,,,,plane,0.92,0.92
goal,scene_0032,both,text_only,text_guess,tokens,1,False,,200,False,False,,True,True,True,akita_black_bowl_1,True,plate_3,False,0.072,,,,,plane,0.92,0.92
goal,scene_0032,both,text_only,text_guess,tokens,2,False,,200,False,False,,True,True,True,akita_black_bowl_1,True,plate_1,True,0.048,,,,,plane,0.92,0.92
goal,scene_0033,both,text_only,text_guess,tokens,0,False,,200,False,False,,True,False,False,,False,,False,0.1518,,,,,plane,0.92,0.92
goal,scene_0033,both,text_only,text_guess,tokens,1,False,,200,False,False,,True,False,False,,False,,False,0.1517,,,,,plane,0.92,0.92
goal,scene_0033,both,text_only,text_guess,tokens,2,False,,200,False,False,,True,False,False,,False,,False,0.1515,,,,,plane,0.92,0.92
goal,scene_0034,both,text_only,text_guess,tokens,0,False,,200,False,False,,True,True,True,akita_black_bowl_3,False,plate_1,True,0.0082,,,,,plane,0.92,0.92
goal,scene_0034,both,text_only,text_guess,tokens,1,False,,200,False,False,,True,False,False,,False,,False,0.1195,,,,,plane,0.92,0.92
goal,scene_0034,both,text_only,text_guess,tokens,2,False,,200,False,False,,True,True,True,akita_black_bowl_3,False,plate_2,False,0.0212,,,,,plane,0.92,0.92
goal,scene_0035,both,text_only,text_guess,tokens,0,False,,200,False,False,,True,False,False,,False,,False,0.1312,,,,,plane,0.92,0.92
goal,scene_0035,both,text_only,text_guess,tokens,1,False,,200,False,False,,True,False,False,,False,,False,0.1312,,,,,plane,0.92,0.92
goal,scene_0035,both,text_only,text_guess,tokens,2,False,,200,False,False,,True,False,False,,False,,False,0.1312,,,,,plane,0.92,0.92
goal,scene_0036,both,text_only,text_guess,tokens,0,False,,200,True,True,166,True,True,True,akita_black_bowl_1,True,plate_2,True,0.0114,,,,,plane,0.92,0.92
goal,scene_0036,both,text_only,text_guess,tokens,1,False,,200,True,True,166,True,True,True,akita_black_bowl_1,True,plate_2,True,0.0114,,,,,plane,0.92,0.92
goal,scene_0036,both,text_only,text_guess,tokens,2,False,,200,False,False,,True,True,True,akita_black_bowl_3,False,plate_2,True,0.012,,,,,plane,0.92,0.92
goal,scene_0037,both,text_only,text_guess,tokens,0,False,,200,False,False,,True,False,False,,False,,False,0.1315,,,,,plane,0.92,0.92
goal,scene_0037,both,text_only,text_guess,tokens,1,False,,200,False,False,,True,True,True,cream_cheese_2,False,akita_black_bowl_2,False,0.0376,,,,,plane,0.92,0.92
goal,scene_0037,both,text_only,text_guess,tokens,2,False,,200,False,False,,True,True,True,cream_cheese_2,False,akita_black_bowl_2,False,0.0364,,,,,plane,0.92,0.92
