suite,dir,tier,condition,policy,sketch_route,rollout_idx,skipped,skip_reason,n_steps,success_final,success_sustained,first_success_step,grasp_success_flag,grasped_any,lifted,grasped_instance,correct_instance_grasped,nearest_destination,correct_destination,terminal_dist_xy,sketch_referent_object,sketch_referent_destination,sketch_fidelity_object,sketch_fidelity_destination,deproject,z_pick,z_place,init_state_hash,init_warmstart_hash,final_state_hash,n_infer_calls,infer_ms_mean,pi05_sketch_mode,prompt_type
destination,scene_0000,destination,text_only,pi05,tokens,0,False,,320,True,True,95,True,True,True,akita_black_bowl_1,True,plate_1,True,0.0207,,,,,plane,,,aff194086cdce225,c0f11a652b13a371,7ec36f65bafa7f2f,64,182.6,none,explicit
destination,scene_0000,destination,text_only,pi05,tokens,1,False,,320,True,True,90,True,True,True,akita_black_bowl_1,True,plate_1,True,0.0282,,,,,plane,,,aff194086cdce225,098b047d1c728506,33baa57f6e847dab,64,205.8,none,explicit
destination,scene_0000,destination,text_only,pi05,tokens,2,False,,320,True,True,88,True,True,True,akita_black_bowl_1,True,plate_1,True,0.0061,,,,,plane,,,aff194086cdce225,4cc5874971389308,be399992b2a745de,64,205.2,none,explicit
destination,scene_0000,destination,text_only,pi05,tokens,3,False,,320,True,True,91,True,True,True,akita_black_bowl_1,True,plate_1,True,0.0093,,,,,plane,,,aff194086cdce225,56509293fe81ea35,02bf05690b9ce56d,64,195.5,none,explicit
destination,scene_0000,destination,text_only,pi05,tokens,4,False,,320,True,True,87,True,True,True,akita_black_bowl_1,True,plate_1,True,0.0103,,,,,plane,,,aff194086cdce225,3b543f927f0da364,fec5665f2e845e1e,64,202.1,none,explicit
destination,scene_0000,destination,text_only,pi05,tokens,5,False,,320,True,True,91,True,True,True,akita_black_bowl_1,True,plate_1,True,0.0176,,,,,plane,,,aff194086cdce225,c67238c4e0d5b5b8,548511813ce5f6c1,64,180.1,none,explicit
destination,scene_0000,destination,text_only,pi05,tokens,6,False,,320,True,True,91,True,True,True,akita_black_bowl_1,True,plate_1,True,0.0091,,,,,plane,,,aff194086cdce225,3f385847a4f42797,080624bbf7d0028c,64,199.9,none,explicit
destination,scene_0000,destination,text_only,pi05,tokens,7,False,,320,True,True,90,True,True,True,akita_black_bowl_1,True,plate_1,True,0.0103,,,,,plane,,,aff194086cdce225,6fe4446f6496e0a8,187a9f03aff855f4,64,194.5,none,explicit
destination,scene_0000,destination,text_only,pi05,tokens,8,False,,320,True,True,98,True,True,True,akita_black_bowl_1,True,plate_1,True,0.0096,,,,,plane,,,aff194086cdce225,c58a595426e31b35,c303e2a413358ff8,64,166.0,none,explicit
destination,scene_0000,destination,text_only,pi05,tokens,9,False,,320,True,True,86,True,True,True,akita_black_bowl_1,True,plate_1,True,0.0107,,,,,plane,,,aff194086cdce225,f5e6b25555648bbe,49f3429519b3224c,64,145.5,none,explicit
destination,scene_0000,destination,text_only,pi05,tokens,10,False,,320,True,True,89,True,True,True,akita_black_bowl_1,True,plate_1,True,0.0064,,,,,plane,,,aff194086cdce225,fe8565b56be33b31,1c8e6a75c6c13779,64,152.6,none,explicit
destination,scene_0000,destination,text_only,pi05,tokens,11,False,,320,True,True,91,True,True,True,akita_black_bowl_1,True,plate_1,True,0.0108,,,,,plane,,,aff194086cdce225,69486d6e1172f7b8,30eb290bd49bedca,64,145.0,none,explicit
destination,scene_0000,destination,text_only,pi05,tokens,12,False,,320,True,True,85,True,True,True,akita_black_bowl_1,True,plate_1,True,0.008,,,,,plane,,,aff194086cdce225,8f34755543d82337,b0f0261ec0b226b5,64,147.0,none,explicit
destination,scene_0000,destination,text_only,pi05,tokens,13,False,,320,True,True,87,True,True,True,akita_black_bowl_1,True,plate_1,True,0.0103,,,,,plane,,,aff194086cdce225,d537196dac992a8e,c646d4cbb209fc90,64,147.7,none,explicit
destination,scene_0017,destination,text_only,pi05,tokens,0,False,,320,True,True,77,True,True,True,akita_black_bowl_1,True,plate_1,True,0.013,,,,,plane,,,5906ae621e4843e9,b0c63daa098f0d08,f84b7306e399480c,64,148.1,none,explicit
destination,scene_0017,destination,text_only,pi05,tokens,1,False,,320,True,True,84,True,True,True,akita_black_bowl_1,True,plate_1,True,0.0082,,,,,plane,,,5906ae621e4843e9,f703698af7778bf5,aabeb2c085912b01,64,160.1,none,explicit
destination,scene_0017,destination,text_only,pi05,tokens,2,False,,320,True,True,76,True,True,True,akita_black_bowl_1,True,plate_1,True,0.0071,,,,,plane,,,5906ae621e4843e9,5577e044d177043d,a68d2e417b8e9340,64,152.7,none,explicit
destination,scene_0017,destination,text_only,pi05,tokens,3,False,,320,True,True,80,True,True,True,akita_black_bowl_1,True,plate_1,True,0.0121,,,,,plane,,,5906ae621e4843e9,12af8d3f0b2906df,62015aeef44d62c7,64,149.0,none,explicit
destination,scene_0017,destination,text_only,pi05,tokens,4,False,,320,True,True,77,True,True,True,akita_black_bowl_1,True,plate_1,True,0.0081,,,,,plane,,,5906ae621e4843e9,32783e8667265dc7,1a0c56b3c92011dc,64,148.1,none,explicit
destination,scene_0017,destination,text_only,pi05,tokens,5,False,,320,True,True,77,True,True,True,akita_black_bowl_1,True,plate_1,True,0.0125,,,,,plane,,,5906ae621e4843e9,0076fa752e1f1fc8,bd00bf9c7c5254ce,64,151.0,none,explicit
destination,scene_0017,destination,text_only,pi05,tokens,6,False,,320,True,True,85,True,True,True,akita_black_bowl_1,True,plate_1,True,0.0074,,,,,plane,,,5906ae621e4843e9,460d50dd1ff589e1,955a77ec57d058ea,64,155.7,none,explicit
destination,scene_0017,destination,text_only,pi05,tokens,7,False,,320,True,True,87,True,True,True,akita_black_bowl_1,True,plate_1,True,0.0015,,,,,plane,,,5906ae621e4843e9,5c9a37bf86a792ad,32a03b37e5d2e8b0,64,163.7,none,explicit
destination,scene_0017,destination,text_only,pi05,tokens,8,False,,320,True,True,79,True,True,True,akita_black_bowl_1,True,plate_1,True,0.0054,,,,,plane,,,5906ae621e4843e9,bf393c382d53192c,d9ce014462b950ef,64,146.7,none,explicit
destination,scene_0017,destination,text_only,pi05,tokens,9,False,,320,True,True,87,True,True,True,akita_black_bowl_1,True,plate_1,True,0.0042,,,,,plane,,,5906ae621e4843e9,d4748539ac8f656a,16eedc19d196da42,64,149.3,none,explicit
destination,scene_0017,destination,text_only,pi05,tokens,10,False,,320,True,True,79,True,True,True,akita_black_bowl_1,True,plate_1,True,0.0039,,,,,plane,,,5906ae621e4843e9,ff58f8baaf2fb78e,107bb2029e5722ae,64,151.6,none,explicit
destination,scene_0017,destination,text_only,pi05,tokens,11,False,,320,True,True,88,True,True,True,akita_black_bowl_1,True,plate_1,True,0.0031,,,,,plane,,,5906ae621e4843e9,218eed93fc82f475,8ca863722f76fd96,64,153.2,none,explicit
destination,scene_0017,destination,text_only,pi05,tokens,12,False,,320,True,True,89,True,True,True,akita_black_bowl_1,True,plate_1,True,0.0088,,,,,plane,,,5906ae621e4843e9,f049ad58b120b85c,1fdb44cf43648216,64,152.1,none,explicit
destination,scene_0017,destination,text_only,pi05,tokens,13,False,,320,True,True,81,True,True,True,akita_black_bowl_1,True,plate_1,True,0.0109,,,,,plane,,,5906ae621e4843e9,f5fde758a9406571,0097dde845f98b0a,64,153.2,none,explicit
destination,scene_0001,destination,text_only,pi05,tokens,0,False,,320,True,True,94,True,True,True,akita_black_bowl_1,True,plate_1,True,0.0028,,,,,plane,,,5b2ab3bc56a15495,233777d1bf0422d4,698f5cecc3079b0a,64,152.6,none,explicit
destination,scene_0001,destination,text_only,pi05,tokens,1,False,,320,True,True,90,True,True,True,akita_black_bowl_1,True,plate_1,True,0.0182,,,,,plane,,,5b2ab3bc56a15495,6c97116f616240bb,d3ec7325e0ed8ee8,64,145.5,none,explicit
destination,scene_0001,destination,text_only,pi05,tokens,2,False,,320,True,True,89,True,True,True,akita_black_bowl_1,True,plate_1,True,0.0057,,,,,plane,,,5b2ab3bc56a15495,96303886d5d92a10,5cf30556adc4ff79,64,153.1,none,explicit
destination,scene_0001,destination,text_only,pi05,tokens,3,False,,320,True,True,97,True,True,True,akita_black_bowl_1,True,plate_1,True,0.0044,,,,,plane,,,5b2ab3bc56a15495,0e673d4bf6ac45f2,7aaf2ef453739e33,64,152.1,none,explicit
destination,scene_0001,destination,text_only,pi05,tokens,4,False,,320,True,True,89,True,True,True,akita_black_bowl_1,True,plate_1,True,0.0148,,,,,plane,,,5b2ab3bc56a15495,23a7f87faf43cccb,90bce7c4574317f4,64,147.1,none,explicit
destination,scene_0001,destination,text_only,pi05,tokens,5,False,,320,True,True,94,True,True,True,akita_black_bowl_1,True,plate_1,True,0.0028,,,,,plane,,,5b2ab3bc56a15495,f1b317aba2f2c740,44f7e770dd974991,64,146.4,none,explicit
destination,scene_0001,destination,text_only,pi05,tokens,6,False,,320,True,True,93,True,True,True,akita_black_bowl_1,True,plate_1,True,0.005,,,,,plane,,,5b2ab3bc56a15495,fff30576762b6d5e,d0ddb170f154bc86,64,158.4,none,explicit
destination,scene_0001,destination,text_only,pi05,tokens,7,False,,320,True,True,88,True,True,True,akita_black_bowl_1,True,plate_1,True,0.0107,,,,,plane,,,5b2ab3bc56a15495,233da41a9fb4107b,b84a9570d1a10fa6,64,152.9,none,explicit
destination,scene_0001,destination,text_only,pi05,tokens,8,False,,320,True,True,94,True,True,True,akita_black_bowl_1,True,plate_1,True,0.0143,,,,,plane,,,5b2ab3bc56a15495,82ece79bdd8c6147,ab8789b3a405334b,64,175.4,none,explicit
destination,scene_0001,destination,text_only,pi05,tokens,9,False,,320,True,True,95,True,True,True,akita_black_bowl_1,True,plate_1,True,0.0083,,,,,plane,,,5b2ab3bc56a15495,50e85680069d8664,05f4d4126d451d2e,64,183.9,none,explicit
destination,scene_0001,destination,text_only,pi05,tokens,10,False,,320,True,True,96,True,True,True,akita_black_bowl_1,True,plate_1,True,0.0099,,,,,plane,,,5b2ab3bc56a15495,fe597c801d061e00,db7d2f4661ac2700,64,184.8,none,explicit
destination,scene_0001,destination,text_only,pi05,tokens,11,False,,320,True,True,98,True,True,True,akita_black_bowl_1,True,plate_1,True,0.0134,,,,,plane,,,5b2ab3bc56a15495,d6c0e71ea283e7a1,23f1fda81df802e6,64,168.0,none,explicit
destination,scene_0001,destination,text_only,pi05,tokens,12,False,,320,True,True,94,True,True,True,akita_black_bowl_1,True,plate_1,True,0.0093,,,,,plane,,,5b2ab3bc56a15495,e1cced657651b608,01641e2f83e6ff54,64,178.0,none,explicit
destination,scene_0001,destination,text_only,pi05,tokens,13,False,,320,True,True,93,True,True,True,akita_black_bowl_1,True,plate_1,True,0.0062,,,,,plane,,,5b2ab3bc56a15495,a24d9ca4544cebbd,91dec7c33984f720,64,168.8,none,explicit
destination,scene_0002,destination,text_only,pi05,tokens,0,False,,320,True,True,86,True,True,True,akita_black_bowl_1,True,plate_1,True,0.02,,,,,plane,,,20c551f9cac35a83,130ec2f9959628e6,1b25f93e822c557f,64,176.2,none,explicit
destination,scene_0002,destination,text_only,pi05,tokens,1,False,,320,True,True,88,True,True,True,akita_black_bowl_1,True,plate_1,True,0.0078,,,,,plane,,,20c551f9cac35a83,fc57eeaa6cf0902e,cf2751466547fd2d,64,168.5,none,explicit
destination,scene_0002,destination,text_only,pi05,tokens,2,False,,320,True,True,92,True,True,True,akita_black_bowl_1,True,plate_1,True,0.0098,,,,,plane,,,20c551f9cac35a83,0e5aff7d03c51f02,41a0129d8dfbf9ea,64,163.5,none,explicit
destination,scene_0002,destination,text_only,pi05,tokens,3,False,,320,True,True,89,True,True,True,akita_black_bowl_1,True,plate_1,True,0.0119,,,,,plane,,,20c551f9cac35a83,a745486ad2ee5293,f9b94cf369fa8597,64,174.8,none,explicit
destination,scene_0002,destination,text_only,pi05,tokens,4,False,,320,True,True,96,True,True,True,akita_black_bowl_1,True,plate_1,True,0.008,,,,,plane,,,20c551f9cac35a83,005eeb8d89e180f0,4b556bd5fa31ff7e,64,172.4,none,explicit
destination,scene_0002,destination,text_only,pi05,tokens,5,False,,320,True,True,89,True,True,True,akita_black_bowl_1,True,plate_1,True,0.0143,,,,,plane,,,20c551f9cac35a83,0b57f0915e2bebb1,4453041a2a067f86,64,156.5,none,explicit
destination,scene_0002,destination,text_only,pi05,tokens,6,False,,320,True,True,92,True,True,True,akita_black_bowl_1,True,plate_1,True,0.0083,,,,,plane,,,20c551f9cac35a83,512f33372c694f0a,1e02679fd55f6fe7,64,143.5,none,explicit
destination,scene_0002,destination,text_only,pi05,tokens,7,False,,320,True,True,88,True,True,True,akita_black_bowl_1,True,plate_1,True,0.0082,,,,,plane,,,20c551f9cac35a83,c8a04f4bb8449ec8,80fcf6e317b0599e,64,146.7,none,explicit
destination,scene_0002,destination,text_only,pi05,tokens,8,False,,320,True,True,91,True,True,True,akita_black_bowl_1,True,plate_1,True,0.004,,,,,plane,,,20c551f9cac35a83,f179ffbbf7f98036,439f0c8f12eac147,64,146.7,none,explicit
destination,scene_0002,destination,text_only,pi05,tokens,9,False,,320,True,True,88,True,True,True,akita_black_bowl_1,True,plate_1,True,0.0113,,,,,plane,,,20c551f9cac35a83,67e15b85d412a6de,81cc0ea314e094c4,64,147.3,none,explicit
destination,scene_0002,destination,text_only,pi05,tokens,10,False,,320,True,True,90,True,True,True,akita_black_bowl_1,True,plate_1,True,0.0107,,,,,plane,,,20c551f9cac35a83,3ff96a1f562f1597,92a6f0a7be3ed39e,64,148.2,none,explicit
destination,scene_0002,destination,text_only,pi05,tokens,11,False,,320,True,True,89,True,True,True,akita_black_bowl_1,True,plate_1,True,0.0096,,,,,plane,,,20c551f9cac35a83,2917dfa8ea2f3f09,ce2f1df3e614abbb,64,143.6,none,explicit
destination,scene_0002,destination,text_only,pi05,tokens,12,False,,320,True,True,97,True,True,True,akita_black_bowl_1,True,plate_1,True,0.007,,,,,plane,,,20c551f9cac35a83,62630e42a85fc0a1,a4de4f23b0b662be,64,144.5,none,explicit
destination,scene_0002,destination,text_only,pi05,tokens,13,False,,320,True,True,90,True,True,True,akita_black_bowl_1,True,plate_1,True,0.01,,,,,plane,,,20c551f9cac35a83,7f5fd439ad08d83f,021d72c810569c9f,64,152.4,none,explicit
destination,scene_0003,destination,text_only,pi05,tokens,0,False,,320,True,True,84,True,True,True,akita_black_bowl_1,True,plate_1,True,0.0165,,,,,plane,,,5ab3157b8ba7cb65,5d03d44b2d88ce52,f546328bcc314a1d,64,147.3,none,explicit
destination,scene_0003,destination,text_only,pi05,tokens,1,False,,320,True,True,91,True,True,True,akita_black_bowl_1,True,plate_1,True,0.0072,,,,,plane,,,5ab3157b8ba7cb65,0d47cc3bc2aee90d,bb34965af1d6d8c7,64,145.7,none,explicit
destination,scene_0003,destination,text_only,pi05,tokens,2,False,,320,True,True,92,True,True,True,akita_black_bowl_1,True,plate_1,True,0.0128,,,,,plane,,,5ab3157b8ba7cb65,719c300a4b18b6b0,09650822bb006dc1,64,146.2,none,explicit
destination,scene_0003,destination,text_only,pi05,tokens,3,False,,320,True,True,94,True,True,True,akita_black_bowl_1,True,plate_1,True,0.0189,,,,,plane,,,5ab3157b8ba7cb65,21272fca78c50c8a,16e275a69758e6ed,64,146.9,none,explicit
destination,scene_0003,destination,text_only,pi05,tokens,4,False,,320,False,True,215,True,True,True,akita_black_bowl_1,True,plate_1,True,0.0536,,,,,plane,,,5ab3157b8ba7cb65,77448458e6dab414,f32642a485cb976a,64,148.6,none,explicit
destination,scene_0003,destination,text_only,pi05,tokens,5,False,,320,True,True,88,True,True,True,akita_black_bowl_1,True,plate_1,True,0.0104,,,,,plane,,,5ab3157b8ba7cb65,b6be5c0cc06c3e13,a170954fa32c4608,64,148.9,none,explicit
destination,scene_0003,destination,text_only,pi05,tokens,6,False,,320,True,True,96,True,True,True,akita_black_bowl_1,True,plate_1,True,0.0081,,,,,plane,,,5ab3157b8ba7cb65,df97dadfd5eb19e6,7a39a1d07a7370bd,64,141.7,none,explicit
destination,scene_0003,destination,text_only,pi05,tokens,7,False,,320,True,True,121,True,True,True,akita_black_bowl_1,True,plate_1,True,0.0099,,,,,plane,,,5ab3157b8ba7cb65,85306d6dcfdc093f,98d9950904fa0d7b,64,145.2,none,explicit
destination,scene_0003,destination,text_only,pi05,tokens,8,False,,320,False,True,106,True,True,True,akita_black_bowl_1,True,plate_1,True,0.0403,,,,,plane,,,5ab3157b8ba7cb65,542ed44b49f72ee1,948f9c1e708a2d06,64,143.2,none,explicit
destination,scene_0003,destination,text_only,pi05,tokens,9,False,,320,True,True,99,True,True,True,akita_black_bowl_1,True,plate_1,True,0.0101,,,,,plane,,,5ab3157b8ba7cb65,f9c621402bf068bd,ffe51f309b98d077,64,143.2,none,explicit
destination,scene_0003,destination,text_only,pi05,tokens,10,False,,320,True,True,154,True,True,True,akita_black_bowl_1,True,plate_1,True,0.021,,,,,plane,,,5ab3157b8ba7cb65,026bde9294961d13,155fe2b7600efc9c,64,142.5,none,explicit
destination,scene_0003,destination,text_only,pi05,tokens,11,False,,320,True,True,112,True,True,True,akita_black_bowl_1,True,plate_1,True,0.0099,,,,,plane,,,5ab3157b8ba7cb65,3c0e7ded053a0cb2,bfb20af5adc245b3,64,142.1,none,explicit
destination,scene_0003,destination,text_only,pi05,tokens,12,False,,320,True,True,111,True,True,True,akita_black_bowl_1,True,plate_1,True,0.0095,,,,,plane,,,5ab3157b8ba7cb65,8f2cfcace0d42782,0c7ec0d8db478022,64,142.9,none,explicit
destination,scene_0003,destination,text_only,pi05,tokens,13,False,,320,True,True,95,True,True,True,akita_black_bowl_1,True,plate_1,True,0.0097,,,,,plane,,,5ab3157b8ba7cb65,2b76841c1ce172b7,f45504d83b19aaab,64,138.0,none,explicit
destination,scene_0004,destination,text_only,pi05,tokens,0,False,,320,False,False,,True,True,True,akita_black_bowl_1,True,plate_1,True,0.0326,,,,,plane,,,9e342c03e9fcecd6,82e51387c85d22eb,d5a06e1a5d980c8c,64,145.6,none,explicit
destination,scene_0004,destination,text_only,pi05,tokens,1,False,,320,False,False,,True,True,True,akita_black_bowl_1,True,plate_1,True,0.0266,,,,,plane,,,9e342c03e9fcecd6,e634f660b2b4cc22,127a339771ae3065,64,119.5,none,explicit
destination,scene_0004,destination,text_only,pi05,tokens,2,False,,320,False,True,140,True,True,True,akita_black_bowl_1,True,,False,0.0977,,,,,plane,,,9e342c03e9fcecd6,af960a1ba5f4b49f,2f6421fad85457d3,64,130.0,none,explicit
destination,scene_0004,destination,text_only,pi05,tokens,3,False,,320,False,False,,True,True,True,akita_black_bowl_1,True,,False,0.168,,,,,plane,,,9e342c03e9fcecd6,8fa9bce9e82da769,99ecaef623e7754b,64,161.9,none,explicit
destination,scene_0004,destination,text_only,pi05,tokens,4,False,,320,False,False,,True,True,True,akita_black_bowl_1,True,,False,0.2145,,,,,plane,,,9e342c03e9fcecd6,47517ec198f84c1e,279f63d2a9da969f,64,196.7,none,explicit
destination,scene_0004,destination,text_only,pi05,tokens,5,False,,320,False,True,88,True,True,True,akita_black_bowl_1,True,plate_1,True,0.0539,,,,,plane,,,9e342c03e9fcecd6,bab16d0e32ad4f77,d5787b47c90cd6c9,64,198.6,none,explicit
destination,scene_0004,destination,text_only,pi05,tokens,6,False,,320,True,True,86,True,True,True,akita_black_bowl_1,True,plate_1,True,0.0156,,,,,plane,,,9e342c03e9fcecd6,1fe819326c1d7d92,eac8dd7b908d25a9,64,189.8,none,explicit
destination,scene_0004,destination,text_only,pi05,tokens,7,False,,320,True,True,109,True,True,True,akita_black_bowl_1,True,plate_1,True,0.0221,,,,,plane,,,9e342c03e9fcecd6,16efef6f86255cf6,31665641a0ad5371,64,188.0,none,explicit
destination,scene_0004,destination,text_only,pi05,tokens,8,False,,320,False,False,,True,True,True,akita_black_bowl_1,True,,False,0.1276,,,,,plane,,,9e342c03e9fcecd6,f40b801a4180bb1e,501058eb620f8b98,64,195.7,none,explicit
destination,scene_0004,destination,text_only,pi05,tokens,9,False,,320,True,True,107,True,True,True,akita_black_bowl_1,True,plate_1,True,0.0206,,,,,plane,,,9e342c03e9fcecd6,a6b4b4093d1ad5a6,4bed5ccf09920276,64,212.8,none,explicit
destination,scene_0004,destination,text_only,pi05,tokens,10,False,,320,True,True,97,True,True,True,akita_black_bowl_1,True,plate_1,True,0.0196,,,,,plane,,,9e342c03e9fcecd6,eac822b80b1857c4,6b2011f71bd9c1d5,64,214.7,none,explicit
destination,scene_0004,destination,text_only,pi05,tokens,11,False,,320,False,True,103,True,True,True,akita_black_bowl_1,True,plate_1,True,0.0358,,,,,plane,,,9e342c03e9fcecd6,921918b79579bc88,7abc521605f28fa4,64,200.6,none,explicit
destination,scene_0004,destination,text_only,pi05,tokens,12,False,,320,True,True,88,True,True,True,akita_black_bowl_1,True,plate_1,True,0.0121,,,,,plane,,,9e342c03e9fcecd6,deffbf2db12a58c3,8be68db3d514aed7,64,208.2,none,explicit
destination,scene_0004,destination,text_only,pi05,tokens,13,False,,320,True,True,106,True,True,True,akita_black_bowl_1,True,plate_1,True,0.0133,,,,,plane,,,9e342c03e9fcecd6,8ef7e68bfc7bc6d4,a00c9248612dc756,64,205.7,none,explicit
destination,scene_0005,destination,text_only,pi05,tokens,0,False,,320,True,True,94,True,True,True,akita_black_bowl_1,True,plate_1,True,0.0135,,,,,plane,,,ffea0b457b388e4e,94a6fe81ea994769,df879ab7c752b042,64,194.9,none,explicit
destination,scene_0005,destination,text_only,pi05,tokens,1,False,,320,True,True,82,True,True,True,akita_black_bowl_1,True,plate_1,True,0.0114,,,,,plane,,,ffea0b457b388e4e,110480fd526f21e0,36212c8e8ae3e343,64,186.5,none,explicit
destination,scene_0005,destination,text_only,pi05,tokens,2,False,,320,True,True,87,True,True,True,akita_black_bowl_1,True,plate_1,True,0.0041,,,,,plane,,,ffea0b457b388e4e,341705f0cec7f3bc,77386b6247edacd8,64,176.2,none,explicit
destination,scene_0005,destination,text_only,pi05,tokens,3,False,,320,False,True,86,True,True,True,akita_black_bowl_1,True,plate_1,True,0.0581,,,,,plane,,,ffea0b457b388e4e,432cb8c49c1fca03,ea35e4a4d50381f7,64,170.5,none,explicit
destination,scene_0005,destination,text_only,pi05,tokens,4,False,,320,True,True,91,True,True,True,akita_black_bowl_1,True,plate_1,True,0.0111,,,,,plane,,,ffea0b457b388e4e,4e36dff9cc3d7f6c,8af7e2be457deb88,64,174.7,none,explicit
destination,scene_0005,destination,text_only,pi05,tokens,5,False,,320,True,True,95,True,True,True,akita_black_bowl_1,True,plate_1,True,0.0128,,,,,plane,,,ffea0b457b388e4e,823648d766a50383,fdccfb325dbb06f5,64,177.9,none,explicit
destination,scene_0005,destination,text_only,pi05,tokens,6,False,,320,True,True,99,True,True,True,akita_black_bowl_1,True,plate_1,True,0.011,,,,,plane,,,ffea0b457b388e4e,de6cc9bdb62f864f,663b0b85e782bd67,64,172.2,none,explicit
destination,scene_0005,destination,text_only,pi05,tokens,7,False,,320,True,True,86,True,True,True,akita_black_bowl_1,True,plate_1,True,0.012,,,,,plane,,,ffea0b457b388e4e,e9de7ac75e13e23b,10c731783066f97d,64,168.0,none,explicit
destination,scene_0005,destination,text_only,pi05,tokens,8,False,,320,True,True,90,True,True,True,akita_black_bowl_1,True,plate_1,True,0.0086,,,,,plane,,,ffea0b457b388e4e,4753b901e928bf55,89183a51b714e5d6,64,176.9,none,explicit
destination,scene_0005,destination,text_only,pi05,tokens,9,False,,320,True,True,87,True,True,True,akita_black_bowl_1,True,plate_1,True,0.0032,,,,,plane,,,ffea0b457b388e4e,a88907345ecba687,955121c8d3927f01,64,172.9,none,explicit
destination,scene_0005,destination,text_only,pi05,tokens,10,False,,320,True,True,91,True,True,True,akita_black_bowl_1,True,plate_1,True,0.0127,,,,,plane,,,ffea0b457b388e4e,35e900bf6914bd8a,053190fde59271f1,64,172.4,none,explicit
destination,scene_0005,destination,text_only,pi05,tokens,11,False,,320,True,True,90,True,True,True,akita_black_bowl_1,True,plate_1,True,0.0052,,,,,plane,,,ffea0b457b388e4e,7d5633d18c154e9f,ced0965f824d5af1,64,170.6,none,explicit
destination,scene_0005,destination,text_only,pi05,tokens,12,False,,320,True,True,93,True,True,True,akita_black_bowl_1,True,plate_1,True,0.0113,,,,,plane,,,ffea0b457b388e4e,625e89e2eb8d0e15,1f6df6e0526851e2,64,172.3,none,explicit
destination,scene_0005,destination,text_only,pi05,tokens,13,False,,320,True,True,91,True,True,True,akita_black_bowl_1,True,plate_1,True,0.01,,,,,plane,,,ffea0b457b388e4e,bf90801eebadcf0c,fb6aefba43af28e7,64,178.1,none,explicit
destination,scene_0006,destination,text_only,pi05,tokens,0,False,,320,True,True,118,True,True,True,akita_black_bowl_1,True,plate_1,True,0.002,,,,,plane,,,099722e6207c26ad,7af6f9c1ff4d18fe,152fcea8c38b37ef,64,165.7,none,explicit
destination,scene_0006,destination,text_only,pi05,tokens,1,False,,320,False,True,79,True,True,True,akita_black_bowl_1,True,plate_1,True,0.0329,,,,,plane,,,099722e6207c26ad,766bf5f23a06fc16,f9ed05dbc68ea49a,64,171.6,none,explicit
destination,scene_0006,destination,text_only,pi05,tokens,2,False,,320,True,True,81,True,True,True,akita_black_bowl_1,True,plate_1,True,0.0109,,,,,plane,,,099722e6207c26ad,d9f5b464b0004971,78177e35dde1d4e4,64,172.2,none,explicit
destination,scene_0006,destination,text_only,pi05,tokens,3,False,,320,True,True,81,True,True,True,akita_black_bowl_1,True,plate_1,True,0.0076,,,,,plane,,,099722e6207c26ad,4599ad1b9f3608f7,7e172a0526d134e8,64,166.3,none,explicit
destination,scene_0006,destination,text_only,pi05,tokens,4,False,,320,True,True,80,True,True,True,akita_black_bowl_1,True,plate_1,True,0.0113,,,,,plane,,,099722e6207c26ad,d09b8c91b68b2689,3098a3811a9b868d,64,172.3,none,explicit
destination,scene_0006,destination,text_only,pi05,tokens,5,False,,320,True,True,90,True,True,True,akita_black_bowl_1,True,plate_1,True,0.0141,,,,,plane,,,099722e6207c26ad,62dd73dedf780629,95c418c5ef910d9f,64,171.6,none,explicit
destination,scene_0006,destination,text_only,pi05,tokens,6,False,,320,True,True,80,True,True,True,akita_black_bowl_1,True,plate_1,True,0.0094,,,,,plane,,,099722e6207c26ad,5a346c7cd765a167,4bb6c98f15bc917b,64,165.3,none,explicit
destination,scene_0006,destination,text_only,pi05,tokens,7,False,,320,True,True,84,True,True,True,akita_black_bowl_1,True,plate_1,True,0.0154,,,,,plane,,,099722e6207c26ad,20342202eff62a97,eb4cb8f21ff1b97d,64,162.4,none,explicit
destination,scene_0006,destination,text_only,pi05,tokens,8,False,,320,True,True,79,True,True,True,akita_black_bowl_1,True,plate_1,True,0.0235,,,,,plane,,,099722e6207c26ad,3a7518c35417e26d,c623ee8904d38a59,64,165.0,none,explicit
destination,scene_0006,destination,text_only,pi05,tokens,9,False,,320,True,True,79,True,True,True,akita_black_bowl_1,True,plate_1,True,0.0098,,,,,plane,,,099722e6207c26ad,33f6ad9f3f80de87,52cf409b70a76d43,64,165.1,none,explicit
destination,scene_0006,destination,text_only,pi05,tokens,10,False,,320,True,True,84,True,True,True,akita_black_bowl_1,True,plate_1,True,0.018,,,,,plane,,,099722e6207c26ad,56076804210bfe90,0a2da151277064cc,64,170.5,none,explicit
destination,scene_0006,destination,text_only,pi05,tokens,11,False,,320,True,True,80,True,True,True,akita_black_bowl_1,True,plate_1,True,0.0068,,,,,plane,,,099722e6207c26ad,eb7f9067c43f5bb1,3cf0a655d57ddf87,64,156.5,none,explicit
destination,scene_0006,destination,text_only,pi05,tokens,12,False,,320,True,True,80,True,True,True,akita_black_bowl_1,True,plate_1,True,0.0036,,,,,plane,,,099722e6207c26ad,63d9d46112222074,bb3757b6c508687c,64,127.4,none,explicit
destination,scene_0006,destination,text_only,pi05,tokens,13,False,,320,False,True,88,True,True,True,akita_black_bowl_1,True,plate_1,True,0.0101,,,,,plane,,,099722e6207c26ad,b5c75f4ed519e93e,0f2e36d85bafbb60,64,125.2,none,explicit
destination,scene_0007,destination,text_only,pi05,tokens,0,False,,320,True,True,82,True,True,True,akita_black_bowl_1,True,plate_1,True,0.0119,,,,,plane,,,80ccc1d7cfc9841d,f552436c48a8f828,10705b18ec296748,64,129.3,none,explicit
destination,scene_0007,destination,text_only,pi05,tokens,1,False,,320,True,True,83,True,True,True,akita_black_bowl_1,True,plate_1,True,0.0124,,,,,plane,,,80ccc1d7cfc9841d,1871848e88c707b9,7f1de0f7c67ed8c7,64,127.5,none,explicit
destination,scene_0007,destination,text_only,pi05,tokens,2,False,,320,True,True,90,True,True,True,akita_black_bowl_1,True,plate_1,True,0.0151,,,,,plane,,,80ccc1d7cfc9841d,52e0c96a8aedad20,3cfcd939f660d3af,64,129.1,none,explicit
destination,scene_0007,destination,text_only,pi05,tokens,3,False,,320,True,True,82,True,True,True,akita_black_bowl_1,True,plate_1,True,0.0078,,,,,plane,,,80ccc1d7cfc9841d,f93b437a8dedb2ca,3bc67ad919937118,64,127.9,none,explicit
destination,scene_0007,destination,text_only,pi05,tokens,4,False,,320,True,True,94,True,True,True,akita_black_bowl_1,True,plate_1,True,0.0101,,,,,plane,,,80ccc1d7cfc9841d,1337402f5487431c,bd4d45eb4abf2b25,64,132.9,none,explicit
destination,scene_0007,destination,text_only,pi05,tokens,5,False,,320,True,True,87,True,True,True,akita_black_bowl_1,True,plate_1,True,0.0117,,,,,plane,,,80ccc1d7cfc9841d,579e5b2220ecc616,c3acaa345593c4e9,64,133.3,none,explicit
destination,scene_0007,destination,text_only,pi05,tokens,6,False,,320,True,True,83,True,True,True,akita_black_bowl_1,True,plate_1,True,0.0104,,,,,plane,,,80ccc1d7cfc9841d,7c762fd3f63d4d5f,2abb246dbb99534e,64,131.7,none,explicit
destination,scene_0007,destination,text_only,pi05,tokens,7,False,,320,True,True,85,True,True,True,akita_black_bowl_1,True,plate_1,True,0.0192,,,,,plane,,,80ccc1d7cfc9841d,4963ff9490f465eb,4245b13e5b0a19da,64,129.2,none,explicit
destination,scene_0007,destination,text_only,pi05,tokens,8,False,,320,False,True,88,True,True,True,akita_black_bowl_1,True,plate_1,True,0.0237,,,,,plane,,,80ccc1d7cfc9841d,fb805d6310926908,418d0eb47bd62968,64,130.3,none,explicit
destination,scene_0007,destination,text_only,pi05,tokens,9,False,,320,True,True,88,True,True,True,akita_black_bowl_1,True,plate_1,True,0.0122,,,,,plane,,,80ccc1d7cfc9841d,70417b9465443175,bd97129ec7e943d8,64,130.8,none,explicit
destination,scene_0007,destination,text_only,pi05,tokens,10,False,,320,True,True,85,True,True,True,akita_black_bowl_1,True,plate_1,True,0.0203,,,,,plane,,,80ccc1d7cfc9841d,5921a2db5f640ccc,1183da7a32776bf7,64,130.7,none,explicit
destination,scene_0007,destination,text_only,pi05,tokens,11,False,,320,True,True,81,True,True,True,akita_black_bowl_1,True,plate_1,True,0.0078,,,,,plane,,,80ccc1d7cfc9841d,2fc511054f3574d2,fdf7977036e24d3f,64,130.9,none,explicit
destination,scene_0007,destination,text_only,pi05,tokens,12,False,,320,True,True,88,True,True,True,akita_black_bowl_1,True,plate_1,True,0.0136,,,,,plane,,,80ccc1d7cfc9841d,9741b74dbf8afee5,4477408b53c9a8e0,64,131.5,none,explicit
destination,scene_0007,destination,text_only,pi05,tokens,13,False,,320,True,True,89,True,True,True,akita_black_bowl_1,True,plate_1,True,0.0144,,,,,plane,,,80ccc1d7cfc9841d,9722da1de0506f7f,26c5df77764b53f8,64,135.3,none,explicit
destination,scene_0008,destination,text_only,pi05,tokens,0,False,,320,True,True,79,True,True,True,akita_black_bowl_1,True,plate_1,True,0.0163,,,,,plane,,,715431a8decf7e06,8b2d3fd660a90571,413d534a03c1859b,64,134.3,none,explicit
destination,scene_0008,destination,text_only,pi05,tokens,1,False,,320,True,True,79,True,True,True,akita_black_bowl_1,True,plate_1,True,0.0121,,,,,plane,,,715431a8decf7e06,e8e357eaa0690517,a5ff3e2638197f57,64,131.3,none,explicit
destination,scene_0008,destination,text_only,pi05,tokens,2,False,,320,False,True,83,True,True,True,akita_black_bowl_1,True,plate_1,True,0.0357,,,,,plane,,,715431a8decf7e06,6183885d69b9217f,38bb4109e8441caa,64,129.2,none,explicit
destination,scene_0008,destination,text_only,pi05,tokens,3,False,,320,True,True,79,True,True,True,akita_black_bowl_1,True,plate_1,True,0.0136,,,,,plane,,,715431a8decf7e06,0381d85aabc945bd,ac96aec2d62161a4,64,133.4,none,explicit
destination,scene_0008,destination,text_only,pi05,tokens,4,False,,320,True,True,79,True,True,True,akita_black_bowl_1,True,plate_1,True,0.0078,,,,,plane,,,715431a8decf7e06,1fda71688c0da9d5,2c7509db6f235bda,64,126.8,none,explicit
destination,scene_0008,destination,text_only,pi05,tokens,5,False,,320,True,True,82,True,True,True,akita_black_bowl_1,True,plate_1,True,0.0215,,,,,plane,,,715431a8decf7e06,137f8e3c9db300f7,819b7a91b33982fd,64,126.9,none,explicit
destination,scene_0008,destination,text_only,pi05,tokens,6,False,,320,True,True,81,True,True,True,akita_black_bowl_1,True,plate_1,True,0.005,,,,,plane,,,715431a8decf7e06,f6c95ac0e853acf5,d7b74d9e24f06cae,64,125.8,none,explicit
destination,scene_0008,destination,text_only,pi05,tokens,7,False,,320,True,True,79,True,True,True,akita_black_bowl_1,True,plate_1,True,0.0083,,,,,plane,,,715431a8decf7e06,6e2c655b14f2a483,63de2290c000e9f6,64,127.5,none,explicit
destination,scene_0008,destination,text_only,pi05,tokens,8,False,,320,True,True,88,True,True,True,akita_black_bowl_1,True,plate_1,True,0.0081,,,,,plane,,,715431a8decf7e06,98cac244b7a98733,5c7fa8f3935a4c27,64,127.0,none,explicit
destination,scene_0008,destination,text_only,pi05,tokens,9,False,,320,True,True,76,True,True,True,akita_black_bowl_1,True,plate_1,True,0.0034,,,,,plane,,,715431a8decf7e06,6333f884bc9340fa,1a67c72d5c516ba4,64,128.0,none,explicit
destination,scene_0008,destination,text_only,pi05,tokens,10,False,,320,True,True,83,True,True,True,akita_black_bowl_1,True,plate_1,True,0.0079,,,,,plane,,,715431a8decf7e06,73fa4e4a7e0e25da,bd605a35bd88d1f2,64,132.3,none,explicit
destination,scene_0008,destination,text_only,pi05,tokens,11,False,,320,True,True,84,True,True,True,akita_black_bowl_1,True,plate_1,True,0.0106,,,,,plane,,,715431a8decf7e06,6e30f66499c47ca9,fd9d4232a10fc84d,64,134.2,none,explicit
destination,scene_0008,destination,text_only,pi05,tokens,12,False,,320,True,True,120,True,True,True,akita_black_bowl_1,True,plate_1,True,0.0072,,,,,plane,,,715431a8decf7e06,3ac23f6ee6bb3995,3ac51a8a8b7396bc,64,132.1,none,explicit
destination,scene_0008,destination,text_only,pi05,tokens,13,False,,320,True,True,203,True,True,True,akita_black_bowl_1,True,plate_1,True,0.0016,,,,,plane,,,715431a8decf7e06,a851fa417a6a2e12,897a91a93bebe417,64,134.5,none,explicit
destination,scene_0009,destination,text_only,pi05,tokens,0,False,,320,True,True,120,True,True,True,akita_black_bowl_1,True,plate_1,True,0.0094,,,,,plane,,,e2707c96a074d660,47da1b7ae066e106,0a3b9ebd6f231370,64,128.7,none,explicit
destination,scene_0009,destination,text_only,pi05,tokens,1,False,,320,True,True,92,True,True,True,akita_black_bowl_1,True,plate_1,True,0.009,,,,,plane,,,e2707c96a074d660,cb666eff1f390443,685425ca5f3bb462,64,129.0,none,explicit
destination,scene_0009,destination,text_only,pi05,tokens,2,False,,320,False,True,93,True,True,True,akita_black_bowl_1,True,plate_1,True,0.0344,,,,,plane,,,e2707c96a074d660,743b7c1da88f7a64,e1a161023ef472e5,64,128.8,none,explicit
destination,scene_0009,destination,text_only,pi05,tokens,3,False,,320,True,True,98,True,True,True,akita_black_bowl_1,True,plate_1,True,0.0039,,,,,plane,,,e2707c96a074d660,f4e698e5468d1ff4,01f00780318c6df6,64,134.0,none,explicit
destination,scene_0009,destination,text_only,pi05,tokens,4,False,,320,True,True,123,True,True,True,akita_black_bowl_1,True,plate_1,True,0.0056,,,,,plane,,,e2707c96a074d660,00e47264e5c7e9c9,2a864a8512895216,64,138.9,none,explicit
destination,scene_0009,destination,text_only,pi05,tokens,5,False,,320,True,True,94,True,True,True,akita_black_bowl_1,True,plate_1,True,0.0086,,,,,plane,,,e2707c96a074d660,dbc305e173a35c35,81543909bba06403,64,134.5,none,explicit
destination,scene_0009,destination,text_only,pi05,tokens,6,False,,320,False,False,,True,True,True,akita_black_bowl_1,True,plate_1,True,0.036,,,,,plane,,,e2707c96a074d660,ca350a7cd3efd1b3,d286940030fb7b52,64,155.2,none,explicit
destination,scene_0009,destination,text_only,pi05,tokens,7,False,,320,False,True,120,True,True,True,akita_black_bowl_1,True,plate_1,True,0.0118,,,,,plane,,,e2707c96a074d660,e8be7b7fa279200e,24758bd3c9355d10,64,146.9,none,explicit
destination,scene_0009,destination,text_only,pi05,tokens,8,False,,320,True,True,93,True,True,True,akita_black_bowl_1,True,plate_1,True,0.0129,,,,,plane,,,e2707c96a074d660,96aebce0e0044f21,0c4226aab57a5814,64,142.7,none,explicit
destination,scene_0009,destination,text_only,pi05,tokens,9,False,,320,True,True,92,True,True,True,akita_black_bowl_1,True,plate_1,True,0.0058,,,,,plane,,,e2707c96a074d660,39a6c7cbc5fc018e,92e2cf76fb533de9,64,158.2,none,explicit
destination,scene_0009,destination,text_only,pi05,tokens,10,False,,320,True,True,89,True,True,True,akita_black_bowl_1,True,plate_1,True,0.0218,,,,,plane,,,e2707c96a074d660,18418f2c5c2a51f6,acf975caee5a98ce,64,145.6,none,explicit
destination,scene_0009,destination,text_only,pi05,tokens,11,False,,320,True,True,93,True,True,True,akita_black_bowl_1,True,plate_1,True,0.0082,,,,,plane,,,e2707c96a074d660,8e0234ffa1a7bac0,b66caa3e4c13a31b,64,147.6,none,explicit
destination,scene_0009,destination,text_only,pi05,tokens,12,False,,320,True,True,97,True,True,True,akita_black_bowl_1,True,plate_1,True,0.0091,,,,,plane,,,e2707c96a074d660,a326e3081360bb65,8190d2a4e67cfbae,64,145.9,none,explicit
destination,scene_0009,destination,text_only,pi05,tokens,13,False,,320,True,True,93,True,True,True,akita_black_bowl_1,True,plate_1,True,0.0115,,,,,plane,,,e2707c96a074d660,df9e2c96620d8fbd,836ff5ac267b6975,64,149.9,none,explicit
destination,scene_0010,destination,text_only,pi05,tokens,0,False,,320,True,True,93,True,True,True,akita_black_bowl_1,True,plate_1,True,0.0199,,,,,plane,,,68e8252061ee785a,752b762ed52b600d,efd99492435423f7,64,149.7,none,explicit
destination,scene_0010,destination,text_only,pi05,tokens,1,False,,320,True,True,91,True,True,True,akita_black_bowl_1,True,plate_1,True,0.0067,,,,,plane,,,68e8252061ee785a,c886b1fd5afbd9a0,08e89ef6450e15c7,64,149.5,none,explicit
destination,scene_0010,destination,text_only,pi05,tokens,2,False,,320,True,True,93,True,True,True,akita_black_bowl_1,True,plate_1,True,0.0029,,,,,plane,,,68e8252061ee785a,5ca2107060df5390,bad282a9f64e243f,64,152.9,none,explicit
destination,scene_0010,destination,text_only,pi05,tokens,3,False,,320,True,True,93,True,True,True,akita_black_bowl_1,True,plate_1,True,0.0022,,,,,plane,,,68e8252061ee785a,1024ba284260fb80,7a297a28ee18f7ba,64,151.6,none,explicit
destination,scene_0010,destination,text_only,pi05,tokens,4,False,,320,True,True,93,True,True,True,akita_black_bowl_1,True,plate_1,True,0.0061,,,,,plane,,,68e8252061ee785a,8d19b209d76f3178,52fd30c0989d119a,64,154.5,none,explicit
destination,scene_0010,destination,text_only,pi05,tokens,5,False,,320,True,True,96,True,True,True,akita_black_bowl_1,True,plate_1,True,0.0131,,,,,plane,,,68e8252061ee785a,477aa8cb7f51d7a2,7498c42921800456,64,149.6,none,explicit
destination,scene_0010,destination,text_only,pi05,tokens,6,False,,320,True,True,94,True,True,True,akita_black_bowl_1,True,plate_1,True,0.0084,,,,,plane,,,68e8252061ee785a,c81989bd296066a4,9cf8f56c49449641,64,149.1,none,explicit
destination,scene_0010,destination,text_only,pi05,tokens,7,False,,320,True,True,96,True,True,True,akita_black_bowl_1,True,plate_1,True,0.008,,,,,plane,,,68e8252061ee785a,3e4687bf58c5f19c,0b788bf8f7108cf6,64,153.0,none,explicit
destination,scene_0010,destination,text_only,pi05,tokens,8,False,,320,True,True,96,True,True,True,akita_black_bowl_1,True,plate_1,True,0.0096,,,,,plane,,,68e8252061ee785a,3d17a67a23fe9153,fe8a55b100af63bc,64,149.4,none,explicit
destination,scene_0010,destination,text_only,pi05,tokens,9,False,,320,True,True,95,True,True,True,akita_black_bowl_1,True,plate_1,True,0.0235,,,,,plane,,,68e8252061ee785a,70fe738d833b911f,d04b3873b472cb15,64,156.2,none,explicit
destination,scene_0010,destination,text_only,pi05,tokens,10,False,,320,True,True,94,True,True,True,akita_black_bowl_1,True,plate_1,True,0.0289,,,,,plane,,,68e8252061ee785a,ba07253c2f06d806,93d3f72605bbe8b9,64,157.7,none,explicit
destination,scene_0010,destination,text_only,pi05,tokens,11,False,,320,True,True,95,True,True,True,akita_black_bowl_1,True,plate_1,True,0.0083,,,,,plane,,,68e8252061ee785a,820da40b8e1646f4,78089551d116aabc,64,160.0,none,explicit
destination,scene_0010,destination,text_only,pi05,tokens,12,False,,320,True,True,94,True,True,True,akita_black_bowl_1,True,plate_1,True,0.0102,,,,,plane,,,68e8252061ee785a,d8d8954cf2e1f707,bf0f3953e6e886d9,64,157.2,none,explicit
destination,scene_0010,destination,text_only,pi05,tokens,13,False,,320,True,True,97,True,True,True,akita_black_bowl_1,True,plate_1,True,0.0035,,,,,plane,,,68e8252061ee785a,395fb90515be6510,d079195b91c34705,64,154.1,none,explicit
destination,scene_0011,destination,text_only,pi05,tokens,0,False,,320,True,True,97,True,True,True,akita_black_bowl_1,True,plate_1,True,0.0116,,,,,plane,,,0fb22b13a0585973,6639786441d89224,c948fba8342079a7,64,163.9,none,explicit
destination,scene_0011,destination,text_only,pi05,tokens,1,False,,320,True,True,92,True,True,True,akita_black_bowl_1,True,plate_1,True,0.0221,,,,,plane,,,0fb22b13a0585973,f73eb2117dbab176,15cd8d4ee9ec2c66,64,163.0,none,explicit
destination,scene_0011,destination,text_only,pi05,tokens,2,False,,320,True,True,109,True,True,True,akita_black_bowl_1,True,plate_1,True,0.0152,,,,,plane,,,0fb22b13a0585973,4df8b67ba4837309,1f24a6533d1c6df9,64,164.6,none,explicit
destination,scene_0011,destination,text_only,pi05,tokens,3,False,,320,True,True,114,True,True,True,akita_black_bowl_1,True,plate_1,True,0.0073,,,,,plane,,,0fb22b13a0585973,6a0f6c36e0a05692,07a06f250e39a6e4,64,188.1,none,explicit
destination,scene_0011,destination,text_only,pi05,tokens,4,False,,320,True,True,107,True,True,True,akita_black_bowl_1,True,plate_1,True,0.0138,,,,,plane,,,0fb22b13a0585973,fee4f40cd5d63973,60c5b87b8e92ce88,64,176.4,none,explicit
destination,scene_0011,destination,text_only,pi05,tokens,5,False,,320,True,True,112,True,True,True,akita_black_bowl_1,True,plate_1,True,0.0132,,,,,plane,,,0fb22b13a0585973,cb7cbb3b496b8c26,19a4f80be0b13d7b,64,168.4,none,explicit
destination,scene_0011,destination,text_only,pi05,tokens,6,False,,320,False,False,,True,True,True,akita_black_bowl_1,True,plate_1,True,0.0786,,,,,plane,,,0fb22b13a0585973,0d6020af57ae9e15,1947dc9b8796201c,64,168.6,none,explicit
destination,scene_0011,destination,text_only,pi05,tokens,7,False,,320,True,True,102,True,True,True,akita_black_bowl_1,True,plate_1,True,0.0078,,,,,plane,,,0fb22b13a0585973,f1b0fc9ffffc098a,01307db6fb8c31f9,64,176.6,none,explicit
destination,scene_0011,destination,text_only,pi05,tokens,8,False,,320,True,True,109,True,True,True,akita_black_bowl_1,True,plate_1,True,0.0038,,,,,plane,,,0fb22b13a0585973,6de71c179331abfe,b713cf123135401c,64,178.5,none,explicit
destination,scene_0011,destination,text_only,pi05,tokens,9,False,,320,True,True,101,True,True,True,akita_black_bowl_1,True,plate_1,True,0.0122,,,,,plane,,,0fb22b13a0585973,e7eff45918f6e54b,b36d12c88c439afb,64,165.9,none,explicit
destination,scene_0011,destination,text_only,pi05,tokens,10,False,,320,True,True,102,True,True,True,akita_black_bowl_1,True,plate_1,True,0.0143,,,,,plane,,,0fb22b13a0585973,e7458409b7a02f77,703df34ee1a572d6,64,166.4,none,explicit
destination,scene_0011,destination,text_only,pi05,tokens,11,False,,320,True,True,104,True,True,True,akita_black_bowl_1,True,plate_1,True,0.0156,,,,,plane,,,0fb22b13a0585973,17c1c270ccd3b8a2,6b8a49ccbee0d507,64,168.2,none,explicit
destination,scene_0011,destination,text_only,pi05,tokens,12,False,,320,True,True,103,True,True,True,akita_black_bowl_1,True,plate_1,True,0.0182,,,,,plane,,,0fb22b13a0585973,b3bcce82988524a2,4640f447fab5d545,64,164.5,none,explicit
destination,scene_0011,destination,text_only,pi05,tokens,13,False,,320,True,True,107,True,True,True,akita_black_bowl_1,True,plate_1,True,0.0119,,,,,plane,,,0fb22b13a0585973,f68eacbbc910b095,9852293003684997,64,169.8,none,explicit
destination,scene_0013,destination,text_only,pi05,tokens,0,False,,320,True,True,87,True,True,True,akita_black_bowl_1,True,plate_1,True,0.0108,,,,,plane,,,5750b4d2117943c8,9b11582c372678c0,5c192714c5858c12,64,166.7,none,explicit
destination,scene_0013,destination,text_only,pi05,tokens,1,False,,320,True,True,85,True,True,True,akita_black_bowl_1,True,plate_1,True,0.0151,,,,,plane,,,5750b4d2117943c8,3117c570964bdd08,7b1cda0dcd042915,64,165.6,none,explicit
destination,scene_0013,destination,text_only,pi05,tokens,2,False,,320,True,True,86,True,True,True,akita_black_bowl_1,True,plate_1,True,0.0059,,,,,plane,,,5750b4d2117943c8,2123bf650f4b76e5,84a632c7c70d80a4,64,152.4,none,explicit
destination,scene_0013,destination,text_only,pi05,tokens,3,False,,320,True,True,88,True,True,True,akita_black_bowl_1,True,plate_1,True,0.0169,,,,,plane,,,5750b4d2117943c8,7504cdfe059a21db,7b340fba2e9c19e6,64,156.1,none,explicit
destination,scene_0013,destination,text_only,pi05,tokens,4,False,,320,True,True,122,True,True,True,akita_black_bowl_1,True,plate_1,True,0.0063,,,,,plane,,,5750b4d2117943c8,a0250a8c1b76b2c1,dd385d70a760afdf,64,161.7,none,explicit
destination,scene_0013,destination,text_only,pi05,tokens,5,False,,320,True,True,93,True,True,True,akita_black_bowl_1,True,plate_1,True,0.0045,,,,,plane,,,5750b4d2117943c8,89c6010f31ebd3dc,f5dff2553b0dffda,64,150.9,none,explicit
destination,scene_0013,destination,text_only,pi05,tokens,6,False,,320,True,True,92,True,True,True,akita_black_bowl_1,True,plate_1,True,0.0152,,,,,plane,,,5750b4d2117943c8,b0e310a1920bd638,de808c8181040ec6,64,166.6,none,explicit
destination,scene_0013,destination,text_only,pi05,tokens,7,False,,320,True,True,91,True,True,True,akita_black_bowl_1,True,plate_1,True,0.0014,,,,,plane,,,5750b4d2117943c8,22c26c42d344dae1,ad8b3343516cd829,64,155.4,none,explicit
destination,scene_0013,destination,text_only,pi05,tokens,8,False,,320,False,False,,True,True,True,akita_black_bowl_1,True,plate_1,True,0.0547,,,,,plane,,,5750b4d2117943c8,004e52997ae44fd2,6ae28c0d940ff57e,64,150.7,none,explicit
destination,scene_0013,destination,text_only,pi05,tokens,9,False,,320,True,True,94,True,True,True,akita_black_bowl_1,True,plate_1,True,0.0036,,,,,plane,,,5750b4d2117943c8,d97d15b1be8852a2,2c7e9d5d32e4465f,64,153.3,none,explicit
destination,scene_0013,destination,text_only,pi05,tokens,10,False,,320,True,True,83,True,True,True,akita_black_bowl_1,True,plate_1,True,0.0221,,,,,plane,,,5750b4d2117943c8,ef8c29c5b2de1430,8a8e096fbd696774,64,158.1,none,explicit
destination,scene_0013,destination,text_only,pi05,tokens,11,False,,320,True,True,94,True,True,True,akita_black_bowl_1,True,plate_1,True,0.007,,,,,plane,,,5750b4d2117943c8,2fff2662ad57ce73,c5168c54224c76b6,64,158.3,none,explicit
destination,scene_0013,destination,text_only,pi05,tokens,12,False,,320,True,True,88,True,True,True,akita_black_bowl_1,True,plate_1,True,0.0139,,,,,plane,,,5750b4d2117943c8,a2ecf2f85b17ff6b,b87501066d318a9e,64,148.2,none,explicit
destination,scene_0013,destination,text_only,pi05,tokens,13,False,,320,False,True,88,True,True,True,akita_black_bowl_1,True,plate_1,True,0.0099,,,,,plane,,,5750b4d2117943c8,f22fcac142c56265,51fc28cb91eb6ae3,64,162.7,none,explicit
destination,scene_0014,destination,text_only,pi05,tokens,0,False,,320,True,True,83,True,True,True,akita_black_bowl_1,True,plate_1,True,0.0057,,,,,plane,,,fc10020800798194,c10378966980b363,da3353e1521b48e6,64,154.6,none,explicit
destination,scene_0014,destination,text_only,pi05,tokens,1,False,,320,True,True,84,True,True,True,akita_black_bowl_1,True,plate_1,True,0.0023,,,,,plane,,,fc10020800798194,6118e0217853de75,1b2168c39e12d380,64,159.7,none,explicit
destination,scene_0014,destination,text_only,pi05,tokens,2,False,,320,True,True,85,True,True,True,akita_black_bowl_1,True,plate_1,True,0.0074,,,,,plane,,,fc10020800798194,cd29e27e4cdeedb7,853abff77d40848f,64,151.4,none,explicit
destination,scene_0014,destination,text_only,pi05,tokens,3,False,,320,True,True,82,True,True,True,akita_black_bowl_1,True,plate_1,True,0.0108,,,,,plane,,,fc10020800798194,1e9be03c31cdc6f4,12e78fb6c35824a2,64,150.7,none,explicit
destination,scene_0014,destination,text_only,pi05,tokens,4,False,,320,True,True,82,True,True,True,akita_black_bowl_1,True,plate_1,True,0.0098,,,,,plane,,,fc10020800798194,3dbcf6562b2e0516,676d75c83c5dbf39,64,152.7,none,explicit
destination,scene_0014,destination,text_only,pi05,tokens,5,False,,320,True,True,86,True,True,True,akita_black_bowl_1,True,plate_1,True,0.0115,,,,,plane,,,fc10020800798194,7f02d2489c72e02e,43f4bb6e0542275f,64,156.8,none,explicit
destination,scene_0014,destination,text_only,pi05,tokens,6,False,,320,True,True,85,True,True,True,akita_black_bowl_1,True,plate_1,True,0.0067,,,,,plane,,,fc10020800798194,48e4da763b53a347,280d4350129324ab,64,159.5,none,explicit
destination,scene_0014,destination,text_only,pi05,tokens,7,False,,320,True,True,85,True,True,True,akita_black_bowl_1,True,plate_1,True,0.0088,,,,,plane,,,fc10020800798194,cdcec6c3d9024cf3,696d3e7c0f96b0cd,64,149.8,none,explicit
destination,scene_0014,destination,text_only,pi05,tokens,8,False,,320,True,True,73,True,True,True,akita_black_bowl_1,True,plate_1,True,0.0107,,,,,plane,,,fc10020800798194,072236f7324dac98,e1e218f259baf6dc,64,154.2,none,explicit
destination,scene_0014,destination,text_only,pi05,tokens,9,False,,320,True,True,96,True,True,True,akita_black_bowl_1,True,plate_1,True,0.0093,,,,,plane,,,fc10020800798194,fbc2569d38997e02,f71731e87bedb9da,64,152.8,none,explicit
destination,scene_0014,destination,text_only,pi05,tokens,10,False,,320,True,True,87,True,True,True,akita_black_bowl_1,True,plate_1,True,0.0092,,,,,plane,,,fc10020800798194,5e304de3f08b53f0,5d5f7d475dcfa367,64,148.0,none,explicit
destination,scene_0014,destination,text_only,pi05,tokens,11,False,,320,True,True,86,True,True,True,akita_black_bowl_1,True,plate_1,True,0.0053,,,,,plane,,,fc10020800798194,ca8e35e4511a1e74,ff9a8281dbd5724c,64,152.9,none,explicit
destination,scene_0014,destination,text_only,pi05,tokens,12,False,,320,True,True,84,True,True,True,akita_black_bowl_1,True,plate_1,True,0.0139,,,,,plane,,,fc10020800798194,5df6b8c4d6a6d248,cc1302286e81ff05,64,154.7,none,explicit
destination,scene_0014,destination,text_only,pi05,tokens,13,False,,320,True,True,79,True,True,True,akita_black_bowl_1,True,plate_1,True,0.0084,,,,,plane,,,fc10020800798194,8602dd60445b9a71,2e6244450ee14815,64,161.4,none,explicit
destination,scene_0018,destination,text_only,pi05,tokens,0,False,,320,True,True,87,True,True,True,akita_black_bowl_1,True,plate_1,True,0.0119,,,,,plane,,,a30915d2ef1dcf27,23e69f55af39c87e,b7d5363a45b8a33a,64,149.6,none,explicit
destination,scene_0018,destination,text_only,pi05,tokens,1,False,,320,False,True,82,True,True,True,akita_black_bowl_1,True,plate_1,True,0.0336,,,,,plane,,,a30915d2ef1dcf27,55fa37553ce340ac,ba2d9db5d0e233bf,64,146.4,none,explicit
destination,scene_0018,destination,text_only,pi05,tokens,2,False,,320,True,True,80,True,True,True,akita_black_bowl_1,True,plate_1,True,0.0051,,,,,plane,,,a30915d2ef1dcf27,0ea55cfc413bf45d,8998c72c7eadc3f4,64,146.4,none,explicit
destination,scene_0018,destination,text_only,pi05,tokens,3,False,,320,True,True,91,True,True,True,akita_black_bowl_1,True,plate_1,True,0.0094,,,,,plane,,,a30915d2ef1dcf27,e1b500d2b5e1eb7d,27a812cb2cb627b1,64,149.8,none,explicit
destination,scene_0018,destination,text_only,pi05,tokens,4,False,,320,True,True,84,True,True,True,akita_black_bowl_1,True,plate_1,True,0.0133,,,,,plane,,,a30915d2ef1dcf27,e4719f860b6e8a89,4fd1233fdb6cc069,64,146.6,none,explicit
destination,scene_0018,destination,text_only,pi05,tokens,5,False,,320,True,True,81,True,True,True,akita_black_bowl_1,True,plate_1,True,0.0061,,,,,plane,,,a30915d2ef1dcf27,6b95897a1fabc692,07628abacf2a80be,64,152.2,none,explicit
destination,scene_0018,destination,text_only,pi05,tokens,6,False,,320,True,True,76,True,True,True,akita_black_bowl_1,True,plate_1,True,0.0193,,,,,plane,,,a30915d2ef1dcf27,26d22cbc89f6b0c5,3132a72099a51607,64,144.2,none,explicit
destination,scene_0018,destination,text_only,pi05,tokens,7,False,,320,True,True,86,True,True,True,akita_black_bowl_1,True,plate_1,True,0.0095,,,,,plane,,,a30915d2ef1dcf27,0299c504ab6e67ec,e6aeb32d20c32d4e,64,147.0,none,explicit
destination,scene_0018,destination,text_only,pi05,tokens,8,False,,320,True,True,86,True,True,True,akita_black_bowl_1,True,plate_1,True,0.0091,,,,,plane,,,a30915d2ef1dcf27,35c860471b3ce28d,46176fda7e9e432c,64,149.4,none,explicit
destination,scene_0018,destination,text_only,pi05,tokens,9,False,,320,True,True,83,True,True,True,akita_black_bowl_1,True,plate_1,True,0.0066,,,,,plane,,,a30915d2ef1dcf27,73fad278527b1279,d46370912bb9e337,64,150.3,none,explicit
destination,scene_0018,destination,text_only,pi05,tokens,10,False,,320,True,True,92,True,True,True,akita_black_bowl_1,True,plate_1,True,0.0126,,,,,plane,,,a30915d2ef1dcf27,ea5e76ff840bc0c6,4089df85397d7c06,64,150.7,none,explicit
destination,scene_0018,destination,text_only,pi05,tokens,11,False,,320,False,True,87,True,True,True,akita_black_bowl_1,True,plate_1,True,0.0335,,,,,plane,,,a30915d2ef1dcf27,69b04fa6aefca09f,2535a094d4dd2549,64,147.3,none,explicit
destination,scene_0018,destination,text_only,pi05,tokens,12,False,,320,True,True,81,True,True,True,akita_black_bowl_1,True,plate_1,True,0.0324,,,,,plane,,,a30915d2ef1dcf27,caa8b57967384147,568d6a17671910d4,64,147.6,none,explicit
destination,scene_0018,destination,text_only,pi05,tokens,13,False,,320,True,True,84,True,True,True,akita_black_bowl_1,True,plate_1,True,0.0089,,,,,plane,,,a30915d2ef1dcf27,7ffa0acbceaa86fa,943c3b503b50319b,64,145.8,none,explicit
destination,scene_0019,destination,text_only,pi05,tokens,0,False,,320,True,True,93,True,True,True,akita_black_bowl_1,True,plate_1,True,0.0178,,,,,plane,,,c4fbaed67088bdfa,8d5fe43646c801c6,77d3c2a34bb0732e,64,151.6,none,explicit
destination,scene_0019,destination,text_only,pi05,tokens,1,False,,320,True,True,93,True,True,True,akita_black_bowl_1,True,plate_1,True,0.0087,,,,,plane,,,c4fbaed67088bdfa,1c6e1724ea116ab4,18e83dbf74c2bc31,64,147.8,none,explicit
destination,scene_0019,destination,text_only,pi05,tokens,2,False,,320,True,True,89,True,True,True,akita_black_bowl_1,True,plate_1,True,0.011,,,,,plane,,,c4fbaed67088bdfa,2c9e81d16b9f37d1,d87b85018870e6b4,64,148.8,none,explicit
destination,scene_0019,destination,text_only,pi05,tokens,3,False,,320,True,True,118,True,True,True,akita_black_bowl_1,True,plate_1,True,0.0015,,,,,plane,,,c4fbaed67088bdfa,607b475cabe73658,f52a8df703cb6b6e,64,144.4,none,explicit
destination,scene_0019,destination,text_only,pi05,tokens,4,False,,320,True,True,87,True,True,True,akita_black_bowl_1,True,plate_1,True,0.0219,,,,,plane,,,c4fbaed67088bdfa,11490af595ab1be0,2b0d18ff01e9742a,64,144.7,none,explicit
destination,scene_0019,destination,text_only,pi05,tokens,5,False,,320,True,True,88,True,True,True,akita_black_bowl_1,True,plate_1,True,0.0115,,,,,plane,,,c4fbaed67088bdfa,308d2d0f6ebebe01,aa71ac475edf6ff3,64,146.8,none,explicit
destination,scene_0019,destination,text_only,pi05,tokens,6,False,,320,True,True,85,True,True,True,akita_black_bowl_1,True,plate_1,True,0.0178,,,,,plane,,,c4fbaed67088bdfa,feb78d9c33ad985e,230c183964249040,64,149.4,none,explicit
destination,scene_0019,destination,text_only,pi05,tokens,7,False,,320,True,True,83,True,True,True,akita_black_bowl_1,True,plate_1,True,0.0144,,,,,plane,,,c4fbaed67088bdfa,53dc9e1e89e22808,fbb526cae3670ae9,64,152.0,none,explicit
destination,scene_0019,destination,text_only,pi05,tokens,8,False,,320,True,True,129,True,True,True,akita_black_bowl_1,True,plate_1,True,0.0144,,,,,plane,,,c4fbaed67088bdfa,ddb57e7cb2128782,c25784b81573959b,64,149.2,none,explicit
destination,scene_0019,destination,text_only,pi05,tokens,9,False,,320,True,True,120,True,True,True,akita_black_bowl_1,True,plate_1,True,0.006,,,,,plane,,,c4fbaed67088bdfa,4ac6f18c1ccb7f0a,30d166552f98c6cc,64,144.1,none,explicit
destination,scene_0019,destination,text_only,pi05,tokens,10,False,,320,True,True,122,True,True,True,akita_black_bowl_1,True,plate_1,True,0.0081,,,,,plane,,,c4fbaed67088bdfa,c6912500b9e0b191,53b81317dbd276df,64,149.1,none,explicit
destination,scene_0019,destination,text_only,pi05,tokens,11,False,,320,True,True,82,True,True,True,akita_black_bowl_1,True,plate_1,True,0.0055,,,,,plane,,,c4fbaed67088bdfa,b6d50ce0cd8d29c8,741aca59df2811c3,64,142.7,none,explicit
destination,scene_0019,destination,text_only,pi05,tokens,12,False,,320,True,True,130,True,True,True,akita_black_bowl_1,True,plate_1,True,0.0116,,,,,plane,,,c4fbaed67088bdfa,7596ab7ba8b12bbc,edd1fd55382bcaca,64,147.5,none,explicit
destination,scene_0019,destination,text_only,pi05,tokens,13,False,,320,True,True,157,True,True,True,akita_black_bowl_1,True,plate_1,True,0.0163,,,,,plane,,,c4fbaed67088bdfa,cacdaab5e80d5506,351017bdf16e5868,64,152.5,none,explicit
destination,scene_0020,destination,text_only,pi05,tokens,0,False,,320,True,True,86,True,True,True,akita_black_bowl_1,True,plate_1,True,0.0167,,,,,plane,,,b1a349ee5b6490a4,c45e5c060910ab82,05bc75e649bc6244,64,147.3,none,explicit
destination,scene_0020,destination,text_only,pi05,tokens,1,False,,320,True,True,90,True,True,True,akita_black_bowl_1,True,plate_1,True,0.0162,,,,,plane,,,b1a349ee5b6490a4,721a2eb5c335cfc4,27c4f1aafae30065,64,148.2,none,explicit
destination,scene_0020,destination,text_only,pi05,tokens,2,False,,320,False,True,86,True,True,True,akita_black_bowl_1,True,plate_1,True,0.0089,,,,,plane,,,b1a349ee5b6490a4,6036d1c097357c53,6c29c84532765187,64,145.7,none,explicit
destination,scene_0020,destination,text_only,pi05,tokens,3,False,,320,True,True,93,True,True,True,akita_black_bowl_1,True,plate_1,True,0.0172,,,,,plane,,,b1a349ee5b6490a4,ec698ab23708a053,98bc573e5080df4e,64,146.8,none,explicit
destination,scene_0020,destination,text_only,pi05,tokens,4,False,,320,True,True,89,True,True,True,akita_black_bowl_1,True,plate_1,True,0.0103,,,,,plane,,,b1a349ee5b6490a4,337fd5dd2fba833d,1e8b4b911c480563,64,153.8,none,explicit
destination,scene_0020,destination,text_only,pi05,tokens,5,False,,320,True,True,94,True,True,True,akita_black_bowl_1,True,plate_1,True,0.009,,,,,plane,,,b1a349ee5b6490a4,5ed9bec54b7b4bcf,b1ae1a803fad0420,64,146.3,none,explicit
destination,scene_0020,destination,text_only,pi05,tokens,6,False,,320,True,True,89,True,True,True,akita_black_bowl_1,True,plate_1,True,0.0027,,,,,plane,,,b1a349ee5b6490a4,80f5e2869d4d8617,98fc32f67879520b,64,146.2,none,explicit
destination,scene_0020,destination,text_only,pi05,tokens,7,False,,320,True,True,92,True,True,True,akita_black_bowl_1,True,plate_1,True,0.0065,,,,,plane,,,b1a349ee5b6490a4,dc49aff8fdfa536f,ae71b3271fb3e0fa,64,146.1,none,explicit
destination,scene_0020,destination,text_only,pi05,tokens,8,False,,320,True,True,89,True,True,True,akita_black_bowl_1,True,plate_1,True,0.0066,,,,,plane,,,b1a349ee5b6490a4,a4b6a6c213d9bbe2,e71866598e7a15b8,64,145.4,none,explicit
destination,scene_0020,destination,text_only,pi05,tokens,9,False,,320,True,True,95,True,True,True,akita_black_bowl_1,True,plate_1,True,0.0166,,,,,plane,,,b1a349ee5b6490a4,d453e3715edb88eb,5a948d1974538a5d,64,137.7,none,explicit
destination,scene_0020,destination,text_only,pi05,tokens,10,False,,320,True,True,92,True,True,True,akita_black_bowl_1,True,plate_1,True,0.0103,,,,,plane,,,b1a349ee5b6490a4,e6ea8c54dc6afa20,d23d2e2d83d8fbf3,64,139.5,none,explicit
destination,scene_0020,destination,text_only,pi05,tokens,11,False,,320,False,True,96,True,True,True,akita_black_bowl_1,True,plate_1,True,0.0228,,,,,plane,,,b1a349ee5b6490a4,571621e6643024bd,f8afa7ea64581315,64,145.9,none,explicit
destination,scene_0020,destination,text_only,pi05,tokens,12,False,,320,True,True,95,True,True,True,akita_black_bowl_1,True,plate_1,True,0.012,,,,,plane,,,b1a349ee5b6490a4,cd2f0da1bb910024,52e1106bd98a9c07,64,162.3,none,explicit
destination,scene_0020,destination,text_only,pi05,tokens,13,False,,320,True,True,98,True,True,True,akita_black_bowl_1,True,plate_1,True,0.0152,,,,,plane,,,b1a349ee5b6490a4,8fa82bcade5d97d8,ba6e2e73c09be957,64,157.4,none,explicit
destination,scene_0021,destination,text_only,pi05,tokens,0,False,,320,True,True,88,True,True,True,akita_black_bowl_1,True,plate_1,True,0.0025,,,,,plane,,,5241946f7b6a40e6,21bc15a3a17f706b,0e3de24970351e1a,64,168.1,none,explicit
destination,scene_0021,destination,text_only,pi05,tokens,1,False,,320,True,True,101,True,True,True,akita_black_bowl_1,True,plate_1,True,0.0086,,,,,plane,,,5241946f7b6a40e6,9f24d85fbc350846,b50b3368d48aacca,64,162.4,none,explicit
destination,scene_0021,destination,text_only,pi05,tokens,2,False,,320,True,True,97,True,True,True,akita_black_bowl_1,True,plate_1,True,0.0124,,,,,plane,,,5241946f7b6a40e6,8e3f5845a844a67a,a244a8a4e064191e,64,165.5,none,explicit
destination,scene_0021,destination,text_only,pi05,tokens,3,False,,320,True,True,133,True,True,True,akita_black_bowl_1,True,plate_1,True,0.0057,,,,,plane,,,5241946f7b6a40e6,fce39820afd840da,bd3f6345e7e97402,64,162.3,none,explicit
destination,scene_0021,destination,text_only,pi05,tokens,4,False,,320,True,True,133,True,True,True,akita_black_bowl_1,True,plate_1,True,0.0041,,,,,plane,,,5241946f7b6a40e6,b7ac46ad730c60d1,694ee44003e56078,64,161.9,none,explicit
destination,scene_0021,destination,text_only,pi05,tokens,5,False,,320,True,True,103,True,True,True,akita_black_bowl_1,True,plate_1,True,0.0137,,,,,plane,,,5241946f7b6a40e6,b2f7db747c9207ee,63fbce046c17820e,64,154.9,none,explicit
destination,scene_0021,destination,text_only,pi05,tokens,6,False,,320,True,True,99,True,True,True,akita_black_bowl_1,True,plate_1,True,0.011,,,,,plane,,,5241946f7b6a40e6,a6c9f36b445fb606,e0521d536ba26f65,64,147.8,none,explicit
destination,scene_0021,destination,text_only,pi05,tokens,7,False,,320,True,True,100,True,True,True,akita_black_bowl_1,True,plate_1,True,0.0127,,,,,plane,,,5241946f7b6a40e6,b47373f899cbfdd3,e8618b0d2420c96f,64,150.3,none,explicit
destination,scene_0021,destination,text_only,pi05,tokens,8,False,,320,True,True,99,True,True,True,akita_black_bowl_1,True,plate_1,True,0.0117,,,,,plane,,,5241946f7b6a40e6,3210ee3b3a4adc3f,d10415efd0e31983,64,147.4,none,explicit
destination,scene_0021,destination,text_only,pi05,tokens,9,False,,320,False,False,,True,True,True,akita_black_bowl_1,True,,False,0.0898,,,,,plane,,,5241946f7b6a40e6,c3af7c2a68ce645d,943b3c9b49aa3c7f,64,144.9,none,explicit
destination,scene_0021,destination,text_only,pi05,tokens,10,False,,320,True,True,102,True,True,True,akita_black_bowl_1,True,plate_1,True,0.0098,,,,,plane,,,5241946f7b6a40e6,3cb00d3921d95857,12bcec3fbcf9532c,64,146.0,none,explicit
destination,scene_0021,destination,text_only,pi05,tokens,11,False,,320,True,True,102,True,True,True,akita_black_bowl_1,True,plate_1,True,0.0095,,,,,plane,,,5241946f7b6a40e6,c30c97ce982ea464,3cfa39c6612648d4,64,146.7,none,explicit
destination,scene_0021,destination,text_only,pi05,tokens,12,False,,320,False,False,,True,True,True,akita_black_bowl_1,True,,False,0.1109,,,,,plane,,,5241946f7b6a40e6,aefa0e2d20687892,b428364db58624bb,64,145.1,none,explicit
destination,scene_0021,destination,text_only,pi05,tokens,13,False,,320,True,True,132,True,True,True,akita_black_bowl_1,True,plate_1,True,0.0132,,,,,plane,,,5241946f7b6a40e6,712a63acfe05e922,2608e493cef9426a,64,146.9,none,explicit
destination,scene_0026,destination,text_only,pi05,tokens,0,False,,320,False,True,76,True,True,True,akita_black_bowl_1,True,plate_1,True,0.0498,,,,,plane,,,525b5918c269e9a3,2e5c3530123d224b,d3e5832466ffa08b,64,161.6,none,explicit
destination,scene_0026,destination,text_only,pi05,tokens,1,False,,320,True,True,243,True,True,True,akita_black_bowl_1,True,plate_1,True,0.0118,,,,,plane,,,525b5918c269e9a3,914a56806e7a891e,753265125e2fc676,64,145.3,none,explicit
destination,scene_0026,destination,text_only,pi05,tokens,2,False,,320,True,True,180,True,True,True,akita_black_bowl_1,True,plate_1,True,0.021,,,,,plane,,,525b5918c269e9a3,08d31c267cff5b65,735b044fea36ad4c,64,147.4,none,explicit
destination,scene_0026,destination,text_only,pi05,tokens,3,False,,320,True,True,74,True,True,True,akita_black_bowl_1,True,plate_1,True,0.011,,,,,plane,,,525b5918c269e9a3,32d2363acb81b930,1383410920d329c4,64,142.5,none,explicit
destination,scene_0026,destination,text_only,pi05,tokens,4,False,,320,True,True,78,True,True,True,akita_black_bowl_1,True,plate_1,True,0.0013,,,,,plane,,,525b5918c269e9a3,f2bc71433d02c0e2,4e3f6c8baeb51c1b,64,147.2,none,explicit
destination,scene_0026,destination,text_only,pi05,tokens,5,False,,320,True,True,74,True,True,True,akita_black_bowl_1,True,plate_1,True,0.0262,,,,,plane,,,525b5918c269e9a3,eb9e7836b7ee273e,548cae49f4ed0f77,64,146.4,none,explicit
destination,scene_0026,destination,text_only,pi05,tokens,6,False,,320,True,True,72,True,True,True,akita_black_bowl_1,True,plate_1,True,0.0094,,,,,plane,,,525b5918c269e9a3,0cbe740a35d3482a,8514c8e48364ce5d,64,148.7,none,explicit
destination,scene_0026,destination,text_only,pi05,tokens,7,False,,320,True,True,74,True,True,True,akita_black_bowl_1,True,plate_1,True,0.0066,,,,,plane,,,525b5918c269e9a3,b1cbb055ca6a7d19,23f10c49816f184a,64,176.3,none,explicit
destination,scene_0026,destination,text_only,pi05,tokens,8,False,,320,True,True,82,True,True,True,akita_black_bowl_1,True,plate_1,True,0.0167,,,,,plane,,,525b5918c269e9a3,cc8f44fe683837cf,bb7f7afb9903741a,64,152.0,none,explicit
destination,scene_0026,destination,text_only,pi05,tokens,9,False,,320,True,True,74,True,True,True,akita_black_bowl_1,True,plate_1,True,0.0067,,,,,plane,,,525b5918c269e9a3,e0c42f794e2f09ae,539e39630efe4647,64,197.1,none,explicit
destination,scene_0026,destination,text_only,pi05,tokens,10,False,,320,True,True,82,True,True,True,akita_black_bowl_1,True,plate_1,True,0.0154,,,,,plane,,,525b5918c269e9a3,f7375dfbb08f9af2,d5f203e8edb79526,64,155.0,none,explicit
destination,scene_0026,destination,text_only,pi05,tokens,11,False,,320,True,True,80,True,True,True,akita_black_bowl_1,True,plate_1,True,0.0192,,,,,plane,,,525b5918c269e9a3,fe4237fcc270f640,83643de499db9149,64,155.5,none,explicit
destination,scene_0026,destination,text_only,pi05,tokens,12,False,,320,False,True,80,True,True,True,akita_black_bowl_1,True,plate_1,True,0.037,,,,,plane,,,525b5918c269e9a3,b493d4e6c41a1abe,bc0a9104f9e57af3,64,145.3,none,explicit
destination,scene_0026,destination,text_only,pi05,tokens,13,False,,320,True,True,80,True,True,True,akita_black_bowl_1,True,plate_1,True,0.0252,,,,,plane,,,525b5918c269e9a3,ec649a56ef6896f7,d9d59b04ee682479,64,143.6,none,explicit
destination,scene_0027,destination,text_only,pi05,tokens,0,False,,320,True,True,188,True,True,True,akita_black_bowl_1,True,plate_1,True,0.0078,,,,,plane,,,180d81848699777e,bfdec03b62e3365a,9514fd0a05d54abe,64,143.1,none,explicit
destination,scene_0027,destination,text_only,pi05,tokens,1,False,,320,False,False,,True,True,True,akita_black_bowl_1,True,plate_1,True,0.0479,,,,,plane,,,180d81848699777e,8cb199b3b7f3638f,df076d096851820f,64,140.7,none,explicit
destination,scene_0027,destination,text_only,pi05,tokens,2,False,,320,False,False,,True,True,True,akita_black_bowl_1,True,plate_1,True,0.031,,,,,plane,,,180d81848699777e,bfe9da08dd6086a9,9472e6739c5505b7,64,153.9,none,explicit
destination,scene_0027,destination,text_only,pi05,tokens,3,False,,320,False,True,190,True,True,True,akita_black_bowl_1,True,plate_1,True,0.0532,,,,,plane,,,180d81848699777e,c68e93c93bda2116,e85fe0a86b67c061,64,145.0,none,explicit
destination,scene_0027,destination,text_only,pi05,tokens,4,False,,320,False,False,,True,True,True,akita_black_bowl_1,True,plate_1,True,0.0301,,,,,plane,,,180d81848699777e,59a8606de3457fc0,0d8ec9459839b019,64,170.5,none,explicit
destination,scene_0027,destination,text_only,pi05,tokens,5,False,,320,False,False,,True,True,True,akita_black_bowl_1,True,plate_1,True,0.049,,,,,plane,,,180d81848699777e,92992f36d648a52e,97f87ff4a305f13c,64,161.7,none,explicit
destination,scene_0027,destination,text_only,pi05,tokens,6,False,,320,False,True,80,True,True,True,akita_black_bowl_1,True,plate_1,True,0.062,,,,,plane,,,180d81848699777e,e2ec8b3f5882f336,0f1ffb7281ba7575,64,150.5,none,explicit
destination,scene_0027,destination,text_only,pi05,tokens,7,False,,320,True,True,187,True,True,True,akita_black_bowl_1,True,plate_1,True,0.0207,,,,,plane,,,180d81848699777e,70df323691caa04c,2f4d5396a7cb60c3,64,143.3,none,explicit
destination,scene_0027,destination,text_only,pi05,tokens,8,False,,320,True,True,177,True,True,True,akita_black_bowl_1,True,plate_1,True,0.006,,,,,plane,,,180d81848699777e,0eabc84a9faad9e9,897c244cc223b1b3,64,144.2,none,explicit
destination,scene_0027,destination,text_only,pi05,tokens,9,False,,320,False,False,,True,True,True,akita_black_bowl_1,True,plate_1,True,0.0315,,,,,plane,,,180d81848699777e,9949431e13830689,d38e7318f270dfb2,64,143.6,none,explicit
destination,scene_0027,destination,text_only,pi05,tokens,10,False,,320,True,True,207,True,True,True,akita_black_bowl_1,True,plate_1,True,0.0182,,,,,plane,,,180d81848699777e,592fab062d09ab16,7bbac3e45d5b8995,64,141.6,none,explicit
destination,scene_0027,destination,text_only,pi05,tokens,11,False,,320,True,True,305,True,True,True,akita_black_bowl_1,True,plate_1,True,0.016,,,,,plane,,,180d81848699777e,2418449ca622875c,1de398297a08c12f,64,148.7,none,explicit
destination,scene_0027,destination,text_only,pi05,tokens,12,False,,320,True,True,206,True,True,True,akita_black_bowl_1,True,plate_1,True,0.0236,,,,,plane,,,180d81848699777e,6a8be87596fddf41,0b44c82423e6fa08,64,139.4,none,explicit
destination,scene_0027,destination,text_only,pi05,tokens,13,False,,320,False,False,,True,True,True,akita_black_bowl_1,True,plate_1,True,0.0334,,,,,plane,,,180d81848699777e,b5cbfc0118524b52,c4759c317846bf8b,64,143.8,none,explicit
destination,scene_0030,destination,text_only,pi05,tokens,0,False,,320,True,True,70,True,True,True,akita_black_bowl_1,True,plate_1,True,0.0092,,,,,plane,,,d5fc7b5cac43314d,40221d718b65043d,563c28b82d403f89,64,140.6,none,explicit
destination,scene_0030,destination,text_only,pi05,tokens,1,False,,320,True,True,71,True,True,True,akita_black_bowl_1,True,plate_1,True,0.0013,,,,,plane,,,d5fc7b5cac43314d,c7192c2736f84cd3,5c342259e0272052,64,141.5,none,explicit
destination,scene_0030,destination,text_only,pi05,tokens,2,False,,320,True,True,71,True,True,True,akita_black_bowl_1,True,plate_1,True,0.0103,,,,,plane,,,d5fc7b5cac43314d,f1eac2ab7a3b39b6,aff301c45fa2b4f4,64,136.9,none,explicit
destination,scene_0030,destination,text_only,pi05,tokens,3,False,,320,True,True,69,True,True,True,akita_black_bowl_1,True,plate_1,True,0.0031,,,,,plane,,,d5fc7b5cac43314d,faabd33c5bc17561,e3901fa5f6321825,64,131.8,none,explicit
destination,scene_0030,destination,text_only,pi05,tokens,4,False,,320,True,True,72,True,True,True,akita_black_bowl_1,True,plate_1,True,0.0065,,,,,plane,,,d5fc7b5cac43314d,c6aada7cdeabe5e0,e35bee1c5c695382,64,137.3,none,explicit
destination,scene_0030,destination,text_only,pi05,tokens,5,False,,320,True,True,69,True,True,True,akita_black_bowl_1,True,plate_1,True,0.0047,,,,,plane,,,d5fc7b5cac43314d,f6b710091ea6c270,b0a5d3d4810e09b0,64,140.2,none,explicit
destination,scene_0030,destination,text_only,pi05,tokens,6,False,,320,True,True,69,True,True,True,akita_black_bowl_1,True,plate_1,True,0.0102,,,,,plane,,,d5fc7b5cac43314d,585a41cf37a53a00,612e2759d984fb1b,64,134.7,none,explicit
destination,scene_0030,destination,text_only,pi05,tokens,7,False,,320,True,True,69,True,True,True,akita_black_bowl_1,True,plate_1,True,0.0067,,,,,plane,,,d5fc7b5cac43314d,26f3bd1d75c37650,b0bf3bb767703103,64,130.4,none,explicit
destination,scene_0030,destination,text_only,pi05,tokens,8,False,,320,True,True,70,True,True,True,akita_black_bowl_1,True,plate_1,True,0.0034,,,,,plane,,,d5fc7b5cac43314d,0fc844b09ad7064c,debfa8a2e96bf4b8,64,142.3,none,explicit
destination,scene_0030,destination,text_only,pi05,tokens,9,False,,320,True,True,72,True,True,True,akita_black_bowl_1,True,plate_1,True,0.0096,,,,,plane,,,d5fc7b5cac43314d,714174c1ae0521c8,ec9c491199d1dba6,64,147.5,none,explicit
destination,scene_0030,destination,text_only,pi05,tokens,10,False,,320,True,True,77,True,True,True,akita_black_bowl_1,True,plate_1,True,0.0044,,,,,plane,,,d5fc7b5cac43314d,f2b527bf1a06ac6c,0af580e1ba6fc705,64,146.0,none,explicit
destination,scene_0030,destination,text_only,pi05,tokens,11,False,,320,True,True,71,True,True,True,akita_black_bowl_1,True,plate_1,True,0.0062,,,,,plane,,,d5fc7b5cac43314d,3a9f40fe1b306061,3031e72b6f5064fc,64,167.5,none,explicit
destination,scene_0030,destination,text_only,pi05,tokens,12,False,,320,True,True,70,True,True,True,akita_black_bowl_1,True,plate_1,True,0.0071,,,,,plane,,,d5fc7b5cac43314d,46d24df5c47f6203,42c2684c2f4df13f,64,146.0,none,explicit
destination,scene_0030,destination,text_only,pi05,tokens,13,False,,320,True,True,71,True,True,True,akita_black_bowl_1,True,plate_1,True,0.0088,,,,,plane,,,d5fc7b5cac43314d,6a769d2faae88491,4be439f032c9bfb8,64,148.5,none,explicit
destination,scene_0031,destination,text_only,pi05,tokens,0,False,,320,True,True,120,True,True,True,akita_black_bowl_1,True,plate_1,True,0.0083,,,,,plane,,,0ebdf4dd6c6af325,5a4a76f56fab9715,fb8245451d5512da,64,143.3,none,explicit
destination,scene_0031,destination,text_only,pi05,tokens,1,False,,320,True,True,77,True,True,True,akita_black_bowl_1,True,plate_1,True,0.0106,,,,,plane,,,0ebdf4dd6c6af325,53971b9831ab984e,056a202bdd6a1a46,64,143.7,none,explicit
destination,scene_0031,destination,text_only,pi05,tokens,2,False,,320,True,True,83,True,True,True,akita_black_bowl_1,True,plate_1,True,0.0177,,,,,plane,,,0ebdf4dd6c6af325,efef4f83e23e8d83,d41cf324f725b479,64,145.9,none,explicit
destination,scene_0031,destination,text_only,pi05,tokens,3,False,,320,True,True,88,True,True,True,akita_black_bowl_1,True,plate_1,True,0.0139,,,,,plane,,,0ebdf4dd6c6af325,07806fd7900e9aee,1dd8f85ebadcb8d1,64,147.8,none,explicit
destination,scene_0031,destination,text_only,pi05,tokens,4,False,,320,True,True,87,True,True,True,akita_black_bowl_1,True,plate_1,True,0.0038,,,,,plane,,,0ebdf4dd6c6af325,fc21e56253997c26,573a30b4a9c4a7bd,64,149.1,none,explicit
destination,scene_0031,destination,text_only,pi05,tokens,5,False,,320,True,True,79,True,True,True,akita_black_bowl_1,True,plate_1,True,0.0122,,,,,plane,,,0ebdf4dd6c6af325,d1e64b4f0f483984,a3cc055cd29492d7,64,141.2,none,explicit
destination,scene_0031,destination,text_only,pi05,tokens,6,False,,320,True,True,77,True,True,True,akita_black_bowl_1,True,plate_1,True,0.0074,,,,,plane,,,0ebdf4dd6c6af325,6fc763ff7cfab8a1,23e6600a929e7f3d,64,142.9,none,explicit
destination,scene_0031,destination,text_only,pi05,tokens,7,False,,320,True,True,88,True,True,True,akita_black_bowl_1,True,plate_1,True,0.0041,,,,,plane,,,0ebdf4dd6c6af325,b407e6169da9c5cf,d0b3354f65caf61a,64,135.8,none,explicit
destination,scene_0031,destination,text_only,pi05,tokens,8,False,,320,True,True,76,True,True,True,akita_black_bowl_1,True,plate_1,True,0.0139,,,,,plane,,,0ebdf4dd6c6af325,9aa08acc022e40e8,7244d692de319122,64,138.2,none,explicit
destination,scene_0031,destination,text_only,pi05,tokens,9,False,,320,True,True,83,True,True,True,akita_black_bowl_1,True,plate_1,True,0.0092,,,,,plane,,,0ebdf4dd6c6af325,45fc3cbbc791e8a9,17294356a8d7662c,64,141.5,none,explicit
destination,scene_0031,destination,text_only,pi05,tokens,10,False,,320,True,True,199,True,True,True,akita_black_bowl_1,True,plate_1,True,0.0054,,,,,plane,,,0ebdf4dd6c6af325,845605e61833a460,a8780cef170afaef,64,137.3,none,explicit
destination,scene_0031,destination,text_only,pi05,tokens,11,False,,320,True,True,86,True,True,True,akita_black_bowl_1,True,plate_1,True,0.008,,,,,plane,,,0ebdf4dd6c6af325,1b59c28a70fe9ad0,814272aabb7724ee,64,140.5,none,explicit
destination,scene_0031,destination,text_only,pi05,tokens,12,False,,320,True,True,86,True,True,True,akita_black_bowl_1,True,plate_1,True,0.005,,,,,plane,,,0ebdf4dd6c6af325,96935ba7d3a5ff76,223284a6a1b49466,64,133.5,none,explicit
destination,scene_0031,destination,text_only,pi05,tokens,13,False,,320,True,True,83,True,True,True,akita_black_bowl_1,True,plate_1,True,0.0103,,,,,plane,,,0ebdf4dd6c6af325,f1b4acb89fcf4885,d73e862becbf7e46,64,140.0,none,explicit
